,Match_ID,killing_team,player,assist_sum
0,001a1f289e3bab22,ANC,SnowFlower,4
1,001a1f289e3bab22,CJE,MadLife,14
2,003aefd58000cbd6,LZ,Pure,7
3,0076dde983f72733,TSM,Yellowstar,12
4,00986b51908a63c3,JAG,Pilot,8
5,00a7858e986c8d87,T8,Dodo8,9
6,00e4eb2c47c14065,G2,mithy,10
7,010806395ccc936c,SKT,Wolf,8
8,01368b5ce8fcef87,IMT,Adrian,8
9,0156b7df31ad8a79,UOL,Hylissang,6
10,016ac9c66c8ac080,FW,SwordArt,10
11,01a96409b7684abe,G2,mithy,5
12,01aec9f5934783bc,FOX,Gate,7
13,01af899d3540b3e8,SKT,Wolf,13
14,01b3f6da3669f2e0,LZ,IgNar,8
15,01cc9b6ed7a1399c,H2K,Chei,6
16,01de05166befb130,NV,Hakuho,7
17,02026af18269d92c,SHR,Zero,9
18,02028334d7d140fa,ROX,Key,7
19,0213115c2f20bacd,SKT,Wolf,14
20,0213115c2f20bacd,SUP,Dumbledoge,5
21,0217774f5fcfd38c,ahq,Albis,8
22,0229872b393c3da5,JAG,Chei,6
23,0249b915baf404f2,ahq,Albis,12
24,02b9060a6ab61fc5,C9,LemonNation,12
25,02b9060a6ab61fc5,C9,Sneaky,8
26,02b9060a6ab61fc5,NME,Bodydrop,3
27,02cc26d22aee2848,KDM,GuGer,6
28,02e4fa0156c319e6,NJF,Pure,17
29,02fe6775b364438e,ITZ,Jockster,6
30,030bab19effe717c,SKT,Bang,3
31,032033cddc7b870b,CNB,pbO,5
32,03336bc5758a759d,GAM,Archie,10
33,035f73b1b70fb706,TSM,Lustboy,9
34,035f73b1b70fb706,TSM,WildTurtle,4
35,035f73b1b70fb706,WFX,Paragon,13
36,036c385c6932f9df,ahq,Albis,11
37,036e6cef9568efd8,CJE,Kramer,11
38,03ce6fcebc623234,LOG,S Ysera,11
39,03ce6fcebc623234,NGU,QuietRain,15
40,03d50976ba570b35,AFs,SnowFlower,13
41,03e63541154cbf11,TSM,Yellowstar,8
42,03e84bb32f2423fc,FLY,Altec,3
43,03e84bb32f2423fc,FLY,LemonNation,8
44,042ec83d7a8f88aa,NJE,Cain,7
45,042ec83d7a8f88aa,NJE,Ohq,4
46,0448c97e526ab0f7,ROX,Key,12
47,0456e04690de8c6f,AHQ,Albis,14
48,0456e04690de8c6f,FNC,YellOwStaR,14
49,048cce3454866c45,GMB,Edward,16
50,048cce3454866c45,GMB,P1noy,9
51,048cce3454866c45,UOL,Hylissang,6
52,04a408ebb33a317c,kt,Hachani,19
53,04d6388306d1e785,G2,mithy,10
54,04f2f07b3f7a9d83,WS,K,6
55,05054169c81539b4,FNC,YellOwStaR,15
56,05418d865b63dd88,MSF,IgNar,11
57,0543b77fdf55e52e,DIG,Xpecial,9
58,055b17da8456fdc8,CST,Sheep,5
59,057fcb4968b25e0f,SKT,Wolf,14
60,0590ddde97cb82d0,CLG,aphromoo,12
61,06368b209802df9f,C9,LemonNation,5
62,06368b209802df9f,TL,Piglet,10
63,06368b209802df9f,TL,Xpecial,17
64,063f88396ebefd89,CW,Je suis Kaas,16
65,068ca292c82f4758,IMT,Adrian,16
66,06c1db9af13bdc0a,UOL,Hylissang,16
67,06db1353b32f6f1f,H2K,kaSing,14
68,06f7ed66c4a2ebfd,ROX,GorillA,12
69,0703355279ad76bd,OG,Mithy,7
70,0719d075fd39f3dc,LOG,S RD,12
71,0719d075fd39f3dc,LOG,S Ysera,26
72,0719d075fd39f3dc,MSE,Chunx,15
73,074aad5bf8271db7,UOL,Vardags,5
74,076cf8f090de1f98,C9,Hai,8
75,078b0ea503a36fee,G2,Hybrid,9
76,07acc2f179e16e5a,CLG,aphromoo,10
77,07bfc90bea44abdf,SSG,Wraith,15
78,07dd7f478849248b,C9,Smoothie,11
79,0877aa19eb0decf8,OG,Mithy,18
80,08cace00c3aec3f2,AFs,SnowFlower,4
81,08cace00c3aec3f2,ROX,GorillA,12
82,08e695ce409fc198,kt,Piccaboo,12
83,090fc77d706e30cc,kt,Fixer,18
84,092fbdd0935158ba,PNG,Ziriguidun,7
85,095f04e06c7fe592,TDK,Smoothie,11
86,0983b061a3de0700,SSB,Heart,19
87,09b4260bc296eb42,kt,Mata,6
88,09d9dc4c7b495ace,IMT,Adrian,7
89,0a02726928445cdc,NJE,Pure,8
90,0a16bac145768a03,ITZ,micaO,5
91,0a41b33180c32724,SSW,Mata,15
92,0a63abe984bfef2d,FW,SwordArT,15
93,0a832eea1bca60d1,TIP,Adrian,9
94,0a8b4c4177376b12,HKE,Olleh,7
95,0a8b4c4177376b12,HKE,Raison,4
96,0a8b4c4177376b12,ahq,Albis,13
97,0ab93222dccf8784,MSE,Kaiwing,13
98,0abe526de3932809,GV,Bunny FuFuu,12
99,0ac141320e5d0d1a,TSM,Lustboy,13
100,0b096f92735d1c44,FNC,YellOwStaR,11
101,0b2f5db5a1e87c90,TL,Xpecial,16
102,0b4828b263b93d18,C9,Smoothie,9
103,0b5a9e07d29c35e5,IMT,Adrian,6
104,0c16aabec2ec129b,C9,LemonNation,21
105,0c6d2faf595809fa,FNC,Yellowstar,14
106,0c8bb595be5bb54e,SPY,Mikyx,7
107,0c911a50844a8d37,ahq,Albis,22
108,0c99f9a27d6a1a69,H2K,kaSing,12
109,0ca38e86e4a327d7,OPK,Professor,6
110,0d69b8d1b636da2f,IMT,Adrian,15
111,0dd958084f9e0e67,FW,SwordArt,6
112,0ddf22cf6af50bf3,bbq,Totoro,10
113,0dea3381dd8783f4,CJE,MadLife,8
114,0e14cb721685588d,SK,nRated,13
115,0e3392f0f72f5f94,AHQ,Albis,18
116,0e77fe9ce1eeb96b,CJE,MadLife,11
117,0e7bd049ef8baa67,FW,SwordArT,11
118,0e95d971fc903f68,TSM,Biofrost,8
119,0eacfe6f8a4cfb3d,kt,Mata,10
120,0eb3372f9377b0af,JT,Jay,9
121,0f15c2690aedae7a,G2,mithy,9
122,0f6f8fb33de0777e,H2K,kaSing,5
123,0f7d5b795f80f910,CW,Unlimited,22
124,0f8b6abeb8cb90c0,RNG,Mata,8
125,0f9b2226281d75bf,MSE,CorGi,9
126,0f9b2226281d75bf,MSE,Kaiwing,10
127,0fbe14af53a12b95,UOL,Hylissang,11
128,0fca4b8527d8a3cb,M17,Dee,3
129,0fca4b8527d8a3cb,M17,Dreamer,6
130,0fceb9a2c8ccff23,JAG,SnowFlower,18
131,0ff43d0000d7eef4,CNB,pbO,5
132,0fff3ee4c1bc24fb,TSM,WildTurtle,7
133,100bddb1ebe0884a,bbq,Totoro,5
134,102a038fd6d337a1,SK,nRated,12
135,102dee1a99ace808,AFs,SnowFlower,9
136,1030cc0000d80604,AFs,TusiN,10
137,1071db097fb51c39,OG,Mithy,9
138,108ada2fdf1a2a8e,FLY,LemonNation,9
139,1093977366149dac,FOX,Keith,6
140,1093bf6a2a8b4fb6,MSF,IgNar,14
141,10e13df564533247,HKE,Olleh,14
142,10e542b3146af3ed,TL,Fabbbyyy,9
143,10e542b3146af3ed,TL,Matt,8
144,110529bb7bc23ade,GIA,Hustlin,3
145,110529bb7bc23ade,UOL,Hylissang,7
146,110a293193802baf,C9,Smoothie,7
147,111d7ae6ebddff84,CLG,aphromoo,10
148,11309f9a28d31ba8,TSM,WildTurtle,9
149,1137cf8f26e9ec00,NV,Hakuho,8
150,114fbccb7b56fd51,HKE,Olleh,8
151,115553e3b5040446,CJE,Space,5
152,115553e3b5040446,SKT,Wolf,5
153,117d998745ae6275,MSF,IgNar,16
154,117f80425ffab98f,RED,Dioud,8
155,1182d84df2c13028,LZ,Gorilla,9
156,119e130aa6980daa,VIT,Hachani,6
157,11a78aa664d9e027,LGS,Ysera,7
158,11a78aa664d9e027,ahq,Albis,15
159,11df9e8fe3eaeb24,S04,MrRalleZ,4
160,11df9e8fe3eaeb24,SPY,Mikyx,13
161,122017eb8551ee91,SSG,Wraith,11
162,1221b7d9c7892d66,SK,nRated,9
163,122e274a5417860d,HKE,Olleh,7
164,122e274a5417860d,M17,Dee,5
165,1282b1f45095d591,EL,Nyph,5
166,1282b1f45095d591,SK,nRated,14
167,129244fa5493bfd3,IMT,WildTurtle,10
168,1297109bc8944711,KDM,GuGer,6
169,12f4f92aabaf3430,XG,SuKi,15
170,131a690ccfe38b23,CW,Freeze,10
171,135965dfce5b09eb,C9,Smoothie,11
172,13a042a853b9187c,FOX,Big,6
173,13a042a853b9187c,TL,Matt,9
174,13f1eee5c5a2bf31,HKES,Olleh,17
175,13f1eee5c5a2bf31,LOG,S Ysera,7
176,148c2c21ee7ce4fe,g3x,Alocs,4
177,14cdf682c4003638,CLG,aphromoo,9
178,14cf37acdfd3d4ac,OG,Hybrid,12
179,152b25d693277472,CJ,Kramer,7
180,153887803a66bd44,LZ,Pure,6
181,156c61e72b9717af,DIG,Xpecial,7
182,15d5e710607ed3d8,ahq,Albis,5
183,15df683db02d5aa2,TPA,BeBe,6
184,15eda5da79eee413,EL,MrRalleZ,3
185,15eda5da79eee413,EL,sprattel,8
186,162f4c71cddceb26,ahq,Albis,30
187,165557e2d222f401,FB,Unified,6
188,165557e2d222f401,JT,Jay,13
189,166ba95a0c3e13a5,ROX,GorillA,10
190,16a21e07249c4c43,kt,hachani,7
191,17207efc4810c3f2,Mac,Dreamer,4
192,172d1ccea634070b,ESC,Key,3
193,176b5f3f686469e3,DIG,Xpecial,8
194,176f447e7fd7e87c,CNB,Woswos,13
195,1788b0311aba0735,KT,Piccaboo,9
196,17c40c7fba00bca6,FW,SwordArT,7
197,17cfa791c3a95b72,G2,Hybrid,7
198,17d9d07b73177aab,H2K,Chei,6
199,17fd9c177050cf02,IMT,Adrian,12
200,18032d4b9f48ba7d,IMT,Adrian,12
201,1814e91748425c3a,CLG,aphromoo,8
202,186a12c6844df331,FW,SwordArT,10
203,1875254c1d479c5d,SKT,Wolf,17
204,1875254c1d479c5d,SSG,Fury,7
205,18bce4dcdcaca5c4,TSM,Biofrost,8
206,18c880ab53d1e98c,RED,Dioud,6
207,18e05fb00844f9c8,M17,Dreamer,7
208,192f9eb96eaf29c9,CLG,aphromoo,7
209,192f9eb96eaf29c9,TL,Xpecial,14
210,194282f35f5e3939,kt,Arrow,4
211,194c672d7969984f,TIP,Adrian,7
212,19b7d569ee5e6436,KT,Piccaboo,14
213,19f7c5a9fc35bb59,RNG,Mata,8
214,1a03433e129f3e19,CNB,Wos,13
215,1a6d16420252ae7e,MVP,MaHa,6
216,1a6d16420252ae7e,SKT,Wolf,15
217,1a9610d23d989190,ROX,GorillA,9
218,1aa5ad5038856c1a,HKE,Nestea,8
219,1b3ea3710789e7e4,CLG,aphromoo,14
220,1b3ea3710789e7e4,TDK,Smoothie,9
221,1b5729189afe840c,SKT,Wolf,7
222,1b5ed9fec1f6699e,G2,mithy,18
223,1b83ddda84a4f3c2,OG,Mithy,9
224,1bd67402764435d4,H2K,Chei,6
225,1bd67402764435d4,H2K,Nuclear,8
226,1c156538b1b99af0,ROX,PraY,7
227,1c2d2f34c24e6645,JT,Jay,7
228,1c66347ab7955a87,HKE,GodKwai,7
229,1c7b31d2adb18ca1,M17,Dreamer,3
230,1c7b31d2adb18ca1,ahq,Albis,8
231,1ca05af35976160b,MVP,MaHa,7
232,1cb9ac4d8383ff04,yoeFW,SwordArT,11
233,1cc429a4228de754,TL,Matt,14
234,1cdee256c0f2f093,CJE,MadLife,10
235,1cedd66bec2602a6,P1,Adrian,15
236,1cedd66bec2602a6,P1,Arrow,8
237,1cf2f45534d5e685,ROX,GorillA,5
238,1cfcd719b6124517,NJF,Pure,7
239,1d03c9e59b75a34d,CJE,MadLife,9
240,1d0831a7dbdafd12,NJE,Cain,10
241,1d187cb26c2c4600,IMT,Adrian,13
242,1d324001eb90cccd,H2K,kaSing,20
243,1d3277e6142d06b4,ANX,Likkrit,4
244,1d3277e6142d06b4,H2K,FORG1VEN,10
245,1d6855191c32f787,SKT,Wolf,8
246,1d7b5e26a946ece3,CJE,MadLife,8
247,1db0d552e9b67b33,FLY,LemonNation,6
248,1ddf3e3e2e621314,JAG,Chei,10
249,1ddf3e3e2e621314,JAG,Pilot,5
250,1e72b792b2e6b806,SSB,Secret,7
251,1e7d8aab13ec3357,TIP,Adrian,12
252,1e8f6932f1c0b74a,TSM,Biofrost,11
253,1ef606bfebd9cc63,VFK,Baiano,8
254,1f56898b9623881c,C9,Smoothie,11
255,1f605182d4770594,DIG,KiWiKiD,12
256,1f605182d4770594,FOX,Stunt,7
257,1facc2ad3739c9a4,TSM,Biofrost,13
258,1fd163c502b9b6fb,HKE,Nestea,5
259,1ffd232009cc61a5,TL,Piglet,8
260,202c3e4779d36a20,VIT,KaSing,11
261,204626fb0e753477,KBM,Ziriguidun,4
262,205d8eb5a6029a26,TSM,Lustboy,8
263,2073ec36d1ffa6b9,CJE,MadLife,8
264,208c1a993366f473,P1,Arrow,5
265,20a6fa5a22d3d952,bbq,Totoro,9
266,20cca20bdf0d081e,LZ,Zzus,9
267,20d1ad537c5abad2,OG,Niels,4
268,20d1ad537c5abad2,UOL,Hylissang,6
269,20d34d339a4c348c,H2K,Vander,9
270,20d34d339a4c348c,OG,Mithy,8
271,20d5e0d484a49db3,FLY,LemonNation,11
272,20e893ad3e8916a9,G2,mithy,11
273,211f625b8db189e3,CJE,MadLife,15
274,216ef6004e09f9ef,SPY,Mikyx,15
275,21b24985e2926526,FNC,YellOwStaR,9
276,21b24985e2926526,GMB,GoSu Pepper,3
277,21bd3a2eef5fcd99,IMT,Cody Sun,5
278,21bd3a2eef5fcd99,IMT,Olleh,8
279,21d8a07a50d578cf,LZ,IgNar,12
280,221109e0a83e7a63,NJF,Pure,8
281,22212ee809fccde6,CLG,aphromoo,9
282,223968a3f121d521,NJE,Cain,11
283,22808a6bba53f55c,LZ,Zzus,8
284,22ae99f7de3f3941,KBM,dans,4
285,234eee5fcbae026c,FNC,YellOwStaR,16
286,23bade11cbfc3da3,GV,Cop,8
287,23bd577a7c02296f,ROX,GorillA,12
288,23cebce9f5d79231,SPY,Mikyx,7
289,23ee9058c5c4946d,GV,Cop,9
290,23fd7087b955687d,TSM,Biofrost,11
291,242b8e18bc49338f,FW,SwordArT,12
292,246ff1a458d527d6,TSM,Biofrost,8
293,2477dfda4e05d16b,SSG,Wraith,7
294,25218cdd9384f280,ITZ,Jockster,15
295,252e240b129bc2e4,TL,Piglet,11
296,25c586cd2e06f5ca,ANX,Likkrit,7
297,25d8363fb4b9a8aa,APX,Xpecial,19
298,25d8363fb4b9a8aa,C9,Bunny FuFuu,13
299,25eb48fa02644ee2,H2K,kaSing,7
300,26311024fcfab37d,VFK,Baiano,5
301,26311024fcfab37d,VFK,esA,4
302,26331b94f5652038,G2,mithy,7
303,264e3f4f0bbeb3c5,TL,Matt,10
304,267d2afad8232f69,NRG,KiWiKiD,9
305,269274c323d4a07e,ROX,GorillA,16
306,269274c323d4a07e,kt,Arrow,11
307,26b04bf2495fc971,H2K,Freeze,3
308,26f3e0b2e4dfc4e6,kt,Hachani,13
309,26fc347151e2ad7d,CLG,aphromoo,5
310,26fc347151e2ad7d,FLY,Altec,7
311,26fc347151e2ad7d,FLY,LemonNation,8
312,26ffc410e405cf6c,TSM,Lustboy,8
313,274661e2fc7b5685,HKES,Olleh,13
314,2766da7c2d3ba680,CGE,Never,4
315,276ccda6e5ae241f,HKE,Nestea,6
316,27a4d1ef0a493709,OG,Hybrid,8
317,27b3231236f77b83,OG,Mithy,12
318,2876937b9f26143f,NV,Hakuho,9
319,288dbaca80bbf1ee,LOG,S HoHotDoG,19
320,28aa815fb5caf7ab,G2,mithy,13
321,28cb1799f49512e0,TL,Xpecial,10
322,291d633e5384ba58,GET,GorillA,9
323,291d633e5384ba58,SKT,Bang,11
324,291d633e5384ba58,SKT,Wolf,11
325,293158505dc5e57d,CLG,aphromoo,11
326,296eae0c77eccf1e,yoeFW,SwordArT,13
327,29a21b4ede8f087c,OMG,Cloud,19
328,29e3920af2715f43,UOL,Vardags,5
329,29e7488c947deaee,JAG,SnowFlower,16
330,2a1d6285ce9dd71f,SSG,CoreJJ,13
331,2a5413f2b09a775d,TPA,Lupin,8
332,2a7ecaf7380e9d89,CST,Mash,10
333,2a852b09c150a94e,FLY,Altec,4
334,2ad3795ba1e4220c,FNC,Jesiz,5
335,2ad3795ba1e4220c,G2,mithy,8
336,2b1d88ff96ebad71,SKT,Wolf,7
337,2b3115d7084d0981,CLG,Doublelift,9
338,2b400dbc760ae2e0,FW,NL,14
339,2b773ed92988dc3a,CLG,Stixxay,10
340,2b773ed92988dc3a,CLG,aphromoo,17
341,2b78b6785c4b9f90,FNC,Rekkles,9
342,2b78b6785c4b9f90,FNC,YellOwStaR,11
343,2ba736f5ffe8a59c,SKT,Wolf,15
344,2bd21ca63a29c3e3,P1,Slooshi,9
345,2bf6f0a9b1e84151,KOO,GorillA,11
346,2c4e38cc70562aac,XG,SuKi,10
347,2c5a2d6a04b1cf80,G2,Hybrid,16
348,2c5c6c993cda822e,AS,Weiiii,15
349,2c85a680c0e21686,ESC,Key,16
350,2cbf09c183061635,kt,Mata,9
351,2cc2da31d9018367,TSM,Lustboy,11
352,2ccae0ec71f3ef1b,NJE,Pure,12
353,2ce64593ac057e6e,ITZ,Jockster,8
354,2ce64593ac057e6e,g3x,Alocs,3
355,2d1412573ba8a216,UOL,Hylissang,14
356,2d2749cc5996abe6,ROX,GorillA,7
357,2d2749cc5996abe6,SSG,Wraith,12
358,2d342681a2af3b5a,NRG,KiWiKiD,7
359,2d5ae04af4b2b033,FW,SwordArt,11
360,2d78f061fc3d9f22,SPY,Mikyx,11
361,2d94494d161459f9,SKT,Wolf,14
362,2dd756d79c1cc541,FNC,Jesiz,12
363,2dd756d79c1cc541,FNC,Rekkles,9
364,2dff218ac44a46a3,CJ,MadLife,13
365,2e037d17d6c71bd3,UOL,Veritas,8
366,2e09be4467b027c7,OG,Hybrid,11
367,2e1386a9d21b8ff0,MVP,MaHa,6
368,2e2b86a34f7f850e,LZ,Pure,3
369,2e46f018bfcc3df6,TSM,Biofrost,5
370,2e662ba095e8d59d,kt,Fixer,10
371,2e71404014847480,SKT,Wolf,8
372,2e92f43db122bcb0,GIA,HeaQ,8
373,2ea7c2ed43e73130,SSB,Heart,24
374,2f4d3ed1bdaf963f,OPK,Professor,5
375,2f66ae29a292b55f,OG,Hybrid,19
376,2f74912b1c481b09,SSG,Wraith,7
377,2f74912b1c481b09,kt,Mata,13
378,2fcc41b4a787dd5c,IMT,Adrian,18
379,2fce932098795fa5,ITZ,Jockster,21
380,30431d918df788c6,kt,Mata,9
381,305c7ebc98b6f594,GMB,GoSu Pepper,5
382,3147e6bd5bf852de,CJ,MadLife,12
383,314d26a7b9fb3223,TL,Matt,11
384,314d26a7b9fb3223,TL,Piglet,10
385,319affeb9db3bc00,C9,LemonNation,19
386,319affeb9db3bc00,TIP,Adrian,4
387,31a04918207ac85d,TL,Matt,9
388,31f88c9b8ffcf548,TPA,Jay,8
389,320ae7c7385f4a34,UOL,Hylissang,12
390,32360bc2c6a0269d,FW,SwordArt,5
391,32a5c0e0f0fd2b69,G2,Zven,8
392,3338f9e98cbddf11,G2,Zven,13
393,3338f9e98cbddf11,G2,mithy,17
394,3356db953888c2ea,G2,Hybrid,18
395,33635d04462c738e,CLG,aphromoo,4
396,33635d04462c738e,TL,Xpecial,8
397,33754e5060541a7e,NWS,GorillA,11
398,337e6847642c0758,kt,Mata,8
399,33a3de4ee7b82507,AFs,TusiN,14
400,33a3de4ee7b82507,LZ,GorillA,15
401,33bf9fbb8b079c41,TL,Matt,4
402,33f2013d43d6ffd9,NJF,Pure,12
403,33f41fe0693473a1,yoeFW,SwordArT,13
404,340ef6dbf6417de9,ROC,MrRalleZ,8
405,341161cfce7bff85,CLG,aphromoo,15
406,341161cfce7bff85,NV,Apollo,9
407,341959448a14a7d2,CLG,Stixxay,10
408,3467cc1b2599a75d,TL,Xpecial,16
409,3467de2c84b0e6cd,AHQ,Albis,10
410,3467de2c84b0e6cd,SKT,Wolf,10
411,346e124183ef4d71,FLY,LemonNation,15
412,3486e6b7290581ca,OG,Mithy,10
413,349e869bf5ea074f,MYM,Nisbeth,14
414,34a0bbd8abf9eea9,C9,LemonNation,7
415,34a0bbd8abf9eea9,GV,Bunny FuFuu,5
416,34aba62c58e95776,AFs,Kramer,5
417,34c2d371eb319b57,FW,SwordArt,8
418,35092519086c4290,SKT,Bang,4
419,35092519086c4290,SKT,Piccaboo,6
420,350f4aa1cac28b69,HKES,Olleh,21
421,3585eaf0cd2c859b,LZ,GorillA,8
422,35a815a4711236fd,P1,Adrian,8
423,35b317554cff17f8,PNG,Picoca,7
424,35fb9998884c8ce1,KDM,GuGer,14
425,3656e67a823022e0,G2,Hybrid,8
426,3656e67a823022e0,ROC,Edward,3
427,3656e67a823022e0,ROC,Safir,5
428,36703a1e2b681c06,CLG,aphromoo,15
429,36de5ece6b9fa56b,ahq,Albis,14
430,370296db5a03c6f5,M17,Dee,5
431,372086d9e951b6cf,ROC,Raise,19
432,3727ce1de86ecc9f,TIP,Adrian,12
433,373d561a43da9c6c,CLG,aphromoo,5
434,373d561a43da9c6c,TL,Matt,8
435,373e537c071d8483,RED,Dioud,12
436,376774533e3fe4bd,M17,Dreamer,10
437,376a55b948f7c25a,LZ,IgNar,9
438,376a55b948f7c25a,SKT,Wolf,15
439,3794746437cee4b4,FNC,Rekkles,7
440,37f1b13c86d9b810,ROC,Raise,9
441,37fe8c982a3c6988,FOX,Big,9
442,37fe8c982a3c6988,NV,Hakuho,15
443,383b4d85831c4d03,SSB,Heart,18
444,384bafb5b46925d3,kt,Arrow,6
445,38552f9b4d3a6265,CNB,Woswos,3
446,386be7ef80fd4077,SKT,Bang,4
447,386be7ef80fd4077,SKT,Wolf,8
448,38707dc1e04b6954,KOO,GorillA,18
449,38707dc1e04b6954,KOO,PraY,10
450,389712fb0bc1abd3,H2K,Vander,9
451,38c86e983eebab73,GET,GorillA,17
452,38c9933b73dc178e,XG,SuKi,14
453,38f505eda2b94541,CJE,MadLife,10
454,3921c12f9753048e,SKT,Wolf,20
455,39492a263961999d,PNG,Loop,12
456,39492a263961999d,RED,Dioud,4
457,394ba5e889b3e4b5,SKT,Bang,19
458,394ba5e889b3e4b5,SKT,Wolf,25
459,39af6fd7e5a6371a,FNC,YellOwStaR,20
460,39af6fd7e5a6371a,SKT,Wolf,8
461,39b61c79461f5346,G2,Zven,7
462,39b9ce5203d86ca3,TL,Piglet,6
463,39b9ce5203d86ca3,TL,Xpecial,10
464,39bd570af20ae1f6,SSG,Wraith,8
465,39c37f95d85ba771,FNC,YellOwStar,7
466,39c37f95d85ba771,OMG,DaDa777,10
467,3a3620bb5df40b00,SPY,Mikyx,11
468,3a4db184e1016c2b,KDM,GuGer,6
469,3a5b38117ca9fa2c,DIG,Xpecial,13
470,3a5b38117ca9fa2c,TL,Adrian,4
471,3ab013d6310244c5,UOL,Hylissang,12
472,3ab013d6310244c5,UOL,Vardags,6
473,3aea0bef93cb44b2,SK,nRated,15
474,3b2320d4bcbae5d3,TPA,Jay,11
475,3b7fbf6fc6da0705,LZ,Pure,11
476,3b859a153cd22ecd,kt,Piccaboo,13
477,3ba5c4efc4fa446a,VFK,Baiano,9
478,3bbc2ed27b16d25b,AS,Weiiii,12
479,3bd4d1e1f8fbdccf,ITZ,Jockster,12
480,3bfe3bf26c09190e,CLG,aphromoo,12
481,3c1a4378edc21fcb,TPA,Jay,13
482,3c1a4378edc21fcb,ahq,Albis,27
483,3c8097a288cb52f9,FNC,YellOwStaR,19
484,3c88db0d8da6effd,NJE,Cain,9
485,3cbf3856b7ccd72e,T8,Dodo8,18
486,3cddce5c4c8a0575,ROC,Vander,17
487,3cffc8e4b3e8ed5b,CLG,aphromoo,12
488,3d04fd2686d282c6,UOL,Hylissang,11
489,3d1d8da9c13ef00c,H2K,kaSing,5
490,3d32c2f84fcce5e7,CJ,MadLife,11
491,3d456cd8ce103b25,ahq,Albis,8
492,3d58feba2dddac1a,LZ,Fury,9
493,3d6d8872c0c2d1c4,TPA,Jay,15
494,3d7a10dba7f8abdf,FNC,YellOwStar,21
495,3da4fe9c7cb9341b,SKT,Wolf,13
496,3dcd13fb68e5b118,G2,mithy,8
497,3de95c3b77646eac,C9,Sneaky,7
498,3e99aecf1561c172,HKE,Olleh,17
499,3eeadd8c0a87410a,SSG,Fury,6
500,3f5f5b3d74a86ae0,kt,Hachani,9
501,3f7e67f6b14eefd6,EDG,Meiko,4
502,3f7e67f6b14eefd6,SKT,Bang,9
503,3f859a62b28ac927,DIG,LOD,4
504,3f859a62b28ac927,DIG,Xpecial,5
505,3f896228aa4b13ac,CNB,Wos,11
506,4013612028339a5c,FLY,LemonNation,6
507,401dc1f58773d3b3,TSM,Biofrost,15
508,403c2eff31ca5b70,OG,Mithy,5
509,4077a74e5fe22cad,TSM,Biofrost,10
510,409dd92037e76e31,H2K,Chei,3
511,409dd92037e76e31,VIT,Hachani,6
512,40d44df44e1eaabe,FNC,YellOwStar,8
513,4111476c5637d977,UOL,Hylissang,11
514,415d2b69839b7f5d,IM,TusiN,13
515,41817d27a3139144,NRG,KiWiKiD,15
516,41817d27a3139144,NRG,ohq,5
517,41817d27a3139144,P1,Mash,6
518,424c044fc9ee9e41,PNG,Ziriguidun,7
519,425b9e30fe0b7ec3,SKT,Piccaboo,10
520,426ecef1acf97c50,P1,Adrian,9
521,42a3032b88079b2c,HKE,GodKwai,7
522,42fca4f01bf1830e,kt,Hachani,9
523,4306a295e604a4ff,ITZ,Jockster,11
524,431114bacf478ca5,H2K,kaSing,20
525,4346ccdf03eb2095,CJE,MadLife,16
526,436c432625089e4d,HKE,GodKwai,6
527,439fc2905031e697,FNC,Steeelback,13
528,439fc2905031e697,FNC,YellOwStaR,18
529,43a6c10778bd8b1a,M17,Dreamer,8
530,43fd75117962dca4,IM,TusiN,10
531,43fd75117962dca4,SKT,Wolf,12
532,441bed9a93263966,ahq,AN,9
533,4486397da24ee35a,AFs,SnowFlower,11
534,44d26815f57f58d9,HKE,Olleh,17
535,44fa6e5b5b9c393b,IMT,Adrian,21
536,4508a7660c42b6d8,SKT,Piccaboo,4
537,452e92d220b4263c,TPA,Jay,12
538,4565c8f3841f31aa,AFs,TusiN,8
539,4584ef0d5c0d1a28,TSM,Biofrost,9
540,4594f15b14dba734,MVP,MaHa,9
541,45a8f90dfd3f3536,HKE,Olleh,11
542,45b5a84c479861b9,C9,Smoothie,13
543,45d87330db5945a0,OPK,Professor,6
544,460d730830cff84e,G2,mithy,15
545,463433b4ec9dd9f3,bbq,Totoro,9
546,464142d4bac6e0e8,H2K,kaSing,13
547,46515b3542466c83,LZ,GorillA,16
548,46515b3542466c83,MVP,MaHa,10
549,467869ca2a365be6,FLY,LemonNation,6
550,46fd67ed4c6dfb68,FNC,YellOwStaR,6
551,470d88b0070663c2,CLG,aphromoo,5
552,47111ff42c582d26,ROX,Key,16
553,471e3f3445e86ad4,SKT,Wolf,13
554,4753b8797532547f,TL,Piglet,5
555,4753b8797532547f,TL,Xpecial,9
556,4787f0eb79b72092,XG,LBB,8
557,47a96a2ba166c020,SPY,Mikyx,21
558,47c9899fad0db995,OG,xPeke,4
559,47e0556f123b2106,SKT,Wolf,12
560,4808fec1497a7bdf,NJF,Pure,12
561,4816f42551076e41,FW,SwordArt,15
562,4816f42551076e41,JT,Jay,6
563,481e057c17968a20,EDG,Meiko,16
564,48243735f6eef6b2,G2,Hybrid,5
565,4840300c023904dd,C9,Smoothie,7
566,489001b07807b3c8,SHR,Zero,14
567,4892e4d7867afda3,ESC,Key,9
568,48d5cd30230df3c7,RNG,Mata,18
569,48d5cd30230df3c7,TSM,Doublelift,6
570,48e774e534e57fd6,TSM,Biofrost,10
571,48ff3dab5d52fea0,FOX,Gate,9
572,490b7bda812ffff5,SKT,Wolf,14
573,4923280308c1e9b4,PNG,Loop,7
574,494cbdfd727310dc,UOL,Hylissang,8
575,49928251882c5a0a,CJE,MadLife,9
576,4999770b129031e7,KBM,Verfix,18
577,49c4ff4c792cdf51,JT,Jay,10
578,49d545dd46626273,HKE,Olleh,13
579,4a13b45119b577c0,NRG,KiWiKiD,15
580,4a167a3a2badda6a,SKT,Wolf,11
581,4a22c23cec501d07,DIG,LOD,5
582,4a29881a6ad24954,H2K,kaSing,16
583,4a4c51497cd20b05,APX,Xpecial,16
584,4a8dc4fcce489b55,SKT,Piccaboo,8
585,4a8f29871aa91c19,T8,Dodo8,11
586,4a8f29871aa91c19,T8,Maplestreet8,6
587,4a9c3fc9369309e9,IMT,Olleh,6
588,4a9c3fc9369309e9,P1,Adrian,12
589,4ab07ee926aecd27,HKE,Olleh,9
590,4acdea717ea1ec3c,ROX,GorillA,11
591,4acdea717ea1ec3c,ROX,PraY,6
592,4b0041ec6b0729f6,SSG,CoreJJ,3
593,4b0c2f81e133b2c7,DIG,CoreJJ,4
594,4b0c2f81e133b2c7,TIP,Apollo,8
595,4b134e5901c86d2d,NV,Hakuho,12
596,4b134e5901c86d2d,TL,Matt,7
597,4b281a331503e363,T8,Dodo8,13
598,4b281a331503e363,T8,Nien8,9
599,4b5a48e5e6fbd890,SKT,Wolf,11
600,4b5a48e5e6fbd890,kt,hachani,10
601,4b781f9709ba1366,ROX,GorillA,7
602,4b8783ac4c358c01,TL,Xpecial,3
603,4be50c234a9d8118,G2,mithy,9
604,4c06ad26ec103f6d,C9,Smoothie,10
605,4c0eef4bc6a24f18,IMT,Adrian,15
606,4c1378237bf547ed,G2,Hybrid,11
607,4c3cd1ad8ca14b58,bbq,Totoro,15
608,4c3d3249393184c0,kt,Fixer,6
609,4c40b4f440e0d5b8,FNC,Jesiz,10
610,4c40b4f440e0d5b8,FNC,Rekkles,6
611,4c4e565dc2179754,FW,SwordArT,8
612,4c50e0fcc7fbf489,MVP,Max,7
613,4c50e0fcc7fbf489,bbq,Totoro,3
614,4c59738ac3e7e556,FLY,LemonNation,10
615,4ca1cdef9ca16714,TL,Piglet,8
616,4cb7e337716db287,FW,SwordArT,4
617,4cc2d0f2b3ddd4b5,UOL,Hylissang,8
618,4cdfcc0ba4e0f71a,GIA,Hustlin,13
619,4ce6f1a80f2c0213,C9,Smoothie,15
620,4d05b2a001837f02,GIA,G0DFRED,18
621,4d0d95ff29db44d9,SSB,Heart,8
622,4d0d95ff29db44d9,SSW,Mata,12
623,4d4871d0e68e336e,TSM,Yellowstar,8
624,4d4afe5f3f79f859,FLY,LemonNation,10
625,4d7a672bc5fd051a,VIT,KaSing,12
626,4d9c6f577342e994,G2,Emperor,6
627,4dcf6597f797a001,AFs,TusiN,13
628,4dcf6597f797a001,JAG,SnowFlower,12
629,4dd217e5dfa4232e,HKE,Olleh,5
630,4dfdea48aac239cf,FW,SwordArT,19
631,4e2626617b89253c,AHQ,Albis,10
632,4e2dfb93a17542c8,TSM,Lustboy,11
633,4e2dfb93a17542c8,TSM,WildTurtle,5
634,4e664ad08922d8f0,AHQ,Albis,12
635,4e7dc684791509d9,LZ,GorillA,10
636,4eaf6c78dfa6f893,OG,Tabzz,9
637,4ed6a16907542eac,SPY,Nisbeth,10
638,4ed8e2415375e46a,CLG,Aphromoo,12
639,4ee3b5d0ee2ba742,LZ,IgNar,7
640,4ee943c3b28c3680,T8,Dodo8,10
641,4f4c24438f4ae209,IM,TusiN,7
642,4f55e3fd66e4513f,REN,Hakuho,10
643,4fc001a2dece10bf,FW,NL,4
644,4fc001a2dece10bf,FW,SwordArt,7
645,4fe9eeeb9c6847af,JAG,Chei,6
646,4feeca4fcad6d9aa,ROX,Key,9
647,4ff786778f478000,GV,Bunny FuFuu,8
648,4ff786778f478000,TSM,Lustboy,8
649,4ff786778f478000,TSM,WildTurtle,8
650,5035d99beac72a52,HKE,Olleh,12
651,50659f8debca509d,HKE,Olleh,18
652,5070194f55068f97,SKT,Wolf,7
653,50a5db33e2b71df8,IMT,Olleh,9
654,50ad455b65d0dc4a,TSM,Lustboy,16
655,50b879fc644f4589,ANC,SnowFlower,19
656,50f92d1517d5a074,FW,SwordArT,10
657,50f92d1517d5a074,HKE,Olleh,5
658,50f9d2ed618ae11b,CLG,Stixxay,5
659,51037d0a1268a5ee,TM,Rain,11
660,5195ee8326466f7a,SSG,Ruler,4
661,51dfa6a539c42ee4,KOO,GorillA,13
662,51ef60edcad08a1f,CNB,Wos,14
663,51ef60edcad08a1f,OPK,Professor,13
664,5210793878197802,C9,Smoothie,14
665,521dac7f3b77d6d1,BGG,RedBert VPP,4
666,524f488075882d0e,ahq,Albis,8
667,525b0cebe7826c61,GV,Bunny FuFuu,12
668,526656c79ac5b9d1,CLG,Aphromoo,10
669,52804c309296e5ff,SKT,Wolf,10
670,5286a9ba2afef55b,ROX,Key,15
671,529a01b62c74bf87,NWS,GorillA,8
672,52e4999a7dcc9bd9,NJE,Pure,12
673,52f0ded7dfe17432,FNC,Jesiz,9
674,52f0ded7dfe17432,G2,mithy,8
675,530570051d84c333,TSM,Biofrost,13
676,53076015edd57d51,ROC,Raise,14
677,53113e70afcc3b72,M17,Dreamer,11
678,53308a5fec212eca,FLY,LemonNation,12
679,5387dedbf7633081,FB,SkuLL,11
680,5387dedbf7633081,FW,Betty,8
681,53d2b95559ac34fa,CLG,aphromoo,4
682,53ecfec6740cae22,KBM,Riyev,8
683,53ecfec6740cae22,KST,esA,5
684,53f07b53fdbd3431,CNB,Wos,17
685,5473d1cd76cb75ef,ANC,SnowFlower,8
686,54ba421cc486f845,S04,sprattel,9
687,54baeee071cf91dd,C9,Smoothie,8
688,54baeee071cf91dd,TSM,Biofrost,9
689,54c809b70eaaf824,SSG,Wraith,8
690,54cc4a7e3da206c4,MSF,IgNar,13
691,54e18ab0e0c8640a,H2K,Chei,9
692,550729ae345ee2f5,UOL,Hylissang,7
693,55109b5a7a91ae87,TSM,Biofrost,10
694,553f2a9a620531bf,G2,Zven,4
695,553f2a9a620531bf,G2,mithy,7
696,554a3fa2916341ee,FLY,LemonNation,13
697,556acfbabfb8c93f,FLY,LemonNation,8
698,556acfbabfb8c93f,NV,Hakuho,5
699,559b5d2980c3515d,EL,Krepo,10
700,55d98f5310ec170a,TSM,Lustboy,9
701,55f8c4499215a90e,SPY,Mikyx,17
702,55f8c4499215a90e,UOL,Hylissang,10
703,5605652209410353,CLG,aphromoo,11
704,563362e1228d8a6f,APX,Xpecial,13
705,5670657940d1020f,KDM,GuGer,6
706,567119831081c69b,HKE,Olleh,9
707,567119831081c69b,JT,Jay,17
708,569b31d3477007e1,KDM,GuGer,3
709,56a6788497d2b3fb,P1,Arrow,5
710,56a9ba6d665b105c,GMB,Edward,9
711,56ca31d7980bc3a7,OG,Mithy,8
712,56e875fa76c5769e,RED,Dioud,14
713,56e8ba5ea9485eee,SSG,Ruler,8
714,5717e29d299e0dd3,ahq,GreenTea,18
715,572f9e09ff126c37,C9,LemonNation,15
716,572f9e09ff126c37,TIP,Adrian,6
717,575c9b80c92a7e6a,PNG,Loop,13
718,577df3f03e4e8f12,TL,Xpecial,14
719,57ca8ef0b19b5c14,FW,SwordArT,6
720,57ca8ef0b19b5c14,HKE,Olleh,16
721,57da419966042df4,AFs,Sangyoon,5
722,57da419966042df4,AFs,SnowFlower,12
723,57efe228dcc3934d,MSE,Chunx,14
724,5819892d754cf22c,ahq,Albis,6
725,5859e05051fdabbe,TSM,Lustboy,12
726,586282878818beb9,TIP,Adrian,12
727,5875b308a4765b75,FW,SwordArT,21
728,58b4255d399377e9,SKT,Wolf,10
729,58c572e9c1723e02,NJE,Pure,8
730,58cf7b1c9baedf84,JT,Jay,10
731,58d0173852db5b43,GMB,Edward,10
732,58f8b7117f1a7717,GV,Bunny FuFuu,14
733,5905d606461c5597,C9,Sneaky,20
734,590d1f8790c7bee0,UOL,Hylissang,8
735,590d1f8790c7bee0,UOL,Samux,4
736,592618f52cfe341b,P1,Stunt,15
737,59329523fdd4d423,CJ,MadLife,5
738,59329523fdd4d423,SSB,Nuclear,7
739,598567870fd433ed,MSE,CorGi,4
740,598567870fd433ed,MSE,Kaiwing,10
741,598a53a7d542080f,H2K,Chei,5
742,599d57de8b8a0bb2,FNC,YellOwStaR,14
743,59c183fed26c2950,H2K,Hjarnan,7
744,59c183fed26c2950,H2K,kaSing,6
745,59c7fa0cbcb447a6,TSM,Biofrost,17
746,59efe6b31bd9ae9b,KDM,GuGer,14
747,59efe6b31bd9ae9b,ROX,Key,13
748,5a5422ca367262e9,SPY,Kobbe,5
749,5a8c80e26d56aec8,ROX,GorillA,15
750,5a9cf21a812fa838,C9,Bunny FuFuu,6
751,5aae4204f3d66e28,G2,mithy,7
752,5acf864f615a4550,H2K,Vander,5
753,5adac764980005c4,VFK,Baiano,8
754,5ade715a7dccba6e,KBM,Riyev,13
755,5b264a18eca52c62,GMB,FORG1VEN,5
756,5b264a18eca52c62,GMB,GoSu Pepper,5
757,5b264a18eca52c62,ROC,Vander,12
758,5b264a18eca52c62,ROC,Woolite,5
759,5b2bcc1428571ab4,LOG,S Ysera,3
760,5b5ba6c4b85f198f,REM,Cabuloso,4
761,5b656ac1bc2a0f9d,TSM,Doublelift,7
762,5b73d2dac2a434ca,JAG,SnowFlower,4
763,5b73d2dac2a434ca,SKT,Wolf,7
764,5bab9895cc6d5e6b,GIA,Hustlin,9
765,5be816e673a3ba5a,SSG,Wraith,4
766,5c2601d781d8429c,ALL,Nyph,16
767,5c5183eed3a2f4cf,TSM,Lustboy,15
768,5c6e79dd1fe4e33a,ROX,GorillA,11
769,5c6ebb4578e2afd7,OPK,Professor,10
770,5c748e4000581c9a,SKT,Wolf,11
771,5c92b848e396941d,SHR,Zero,11
772,5cc30c9ffde059b6,CNB,Wos,7
773,5cc903ba8b964900,IM,TusiN,10
774,5d1d69f1feba5107,HKE,Olleh,14
775,5d399e0f6e5e3467,TIP,Gate,10
776,5d63985e5cee61fc,NV,Apollo,5
777,5d63985e5cee61fc,NV,Hakuho,12
778,5d925d8c637091f8,FNC,Jesiz,8
779,5e0a15fd6d718bd4,EL,sprattel,10
780,5e29732e26aa6448,M17,Dreamer,17
781,5e37778102abc70d,C9,Bunny FuFuu,12
782,5e5948949488ec3b,kt,Mata,11
783,5ea2f7a83ead185e,KDM,GuGer,9
784,5ea5d935cdc94310,OMG,Cloud,11
785,5ea5d935cdc94310,OMG,san,5
786,5eb1c55f870b8c2c,ahq,Albis,16
787,5eb83c16fd2684fa,CLG,aphromoo,13
788,5ec4a8e3395bf1e5,APX,Xpecial,17
789,5ecbe9df45917a58,JAG,Pilot,11
790,5efdc5b65a70bc95,OPK,BocaJunior,11
791,5f22db4fcc6a8bc8,G2,mithy,5
792,5f2352346559905a,MVP,MaHa,22
793,5f27950f7d7d451a,H2K,Vander,10
794,5f43cd7d42ec3076,kt,hachani,7
795,5f4573f8da55abb9,AFs,SnowFlower,10
796,5fc0b0ad55a1c891,CW,Unlimited,11
797,5fc0b0ad55a1c891,GIA,G0DFRED,15
798,5fc1a3a62a465985,C9,Bunny FuFuu,9
799,5fdb27e098f538df,FNC,Klaj,12
800,5fdb27e098f538df,G2,Emperor,8
801,5fe1f4232eaafe16,SKT,Wolf,5
802,5fe344d8807217dd,ROC,Wadid,14
803,602dac7ab25157d9,kt,Piccaboo,12
804,6036df44ea55c70f,TPA,Jay,9
805,605d6fcbe289f58e,RED,Dioud,13
806,60604b5c7a193f8b,HKE,Olleh,16
807,60605a71a2f8b148,KBM,Matsukaze,5
808,60f46f4c12b44a18,GET,GorillA,6
809,611cedec81b45af3,SKT,Wolf,26
810,6157a1a63daa3fa6,CJ,Kramer,5
811,6157a1a63daa3fa6,CJ,MadLife,7
812,61e450af8152b2f5,LZ,GorillA,14
813,61f742f2d5f67b20,TIP,Adrian,12
814,6202b268354fd611,kt,Piccaboo,15
815,621f70702177879c,ROC,Vander,8
816,622246efcbd8c056,C9,LemonNation,9
817,62285d98f8bc13cf,IMT,Adrian,8
818,62b59a4aec671577,NWS,GorillA,8
819,62bfd20904c0ee22,TSM,Biofrost,15
820,62e360abbd8ddc56,C9,Sneaky,8
821,631b5d136fa2571b,SSG,CoreJJ,9
822,63306591cbee47b8,G2,mithy,16
823,635a7b6c50acc3eb,CNB,Wos,8
824,636f218af1f8aeff,SSG,Luna,7
825,63da12029ea9ec26,TSM,Biofrost,12
826,641a42d27aad83ca,KBM,Verfix,3
827,64a56fb409fae627,TIP,Adrian,12
828,64a56fb409fae627,TIP,Apollo,6
829,64d82d010acca836,SSG,Wraith,13
830,657930b5d39299ff,FOX,Gate,11
831,65f256e7d4fc605f,XG,SuKi,12
832,65f9f2e47030993e,WS,Chunx,6
833,661edd74a6da4d0d,SSG,Wraith,20
834,6644abf9b9c3c18d,SSG,Wraith,12
835,66621a7d2559ea9a,HKE,GodJJ,9
836,66621a7d2559ea9a,HKE,Olleh,13
837,66b786a6aa51a6dc,SSG,Wraith,11
838,671c4b63545a27e4,H2K,Hjarnan,8
839,6722439ce0f83b03,IMT,Adrian,16
840,674dcbbecc53c9b0,HKES,Olleh,18
841,674f6621f5827a8c,SKT,Wolf,8
842,6751c4ef7ef58654,RNG,Mata,13
843,6752457ef0f5a6e2,SKT,Bang,6
844,679d0065c8c90835,OG,Hiiva,7
845,679d0065c8c90835,SPY,Mikyx,21
846,67a704831cc0e4dc,LZ,PraY,7
847,67fedbcb4daca680,NWS,GorillA,14
848,681c4b94c1d44094,JAG,Sweet,12
849,6856884073c207a6,C9,Smoothie,17
850,6856884073c207a6,C9,Sneaky,11
851,688337766331be43,SKT,Wolf,11
852,688b3f349c78c62f,G2,mithy,17
853,68c11fd059e89a3d,EMF,GuGer,8
854,68c91e4081c59eaa,SKT,Wolf,13
855,68fa3ddd2b15551e,OG,Mithy,11
856,690ab1a4eedeeb16,OG,Hiiva,6
857,69153079d3e6df79,TSM,Lustboy,11
858,6931ee04aa3956c5,JAG,Chei,9
859,6931ee04aa3956c5,kt,Arrow,8
860,697c8f05f2cd2430,SKT,Wolf,12
861,69abc5981e737766,FB,SkuLL,11
862,69af528266947113,TL,Xpecial,11
863,69c24df0a1f3a8bb,kt,Piccaboo,9
864,69e06253c32c085a,C9,Smoothie,4
865,69e06253c32c085a,IMT,Adrian,12
866,69f58c431d564327,G2,Hybrid,14
867,69fdce2999e44113,WS,K,9
868,69fe7bdd0207d7e7,C9,LemonNation,9
869,6a3bbe6107c70a23,FNC,YellOwStaR,8
870,6a7300ba51645eaa,H2K,Vander,8
871,6a7300ba51645eaa,UOL,Hylissang,8
872,6a76db40b8416e0b,TIP,Adrian,7
873,6a78210e3ba79fde,TPA,Jay,7
874,6a78210e3ba79fde,yoeFW,SwordArT,9
875,6ae705278dbd9d79,ROX,Key,12
876,6ae705278dbd9d79,SSG,CoreJJ,12
877,6b614286a114bfce,TPA,Jay,7
878,6b634194f954bd25,OG,Hiiva,14
879,6b634194f954bd25,OG,Tabzz,9
880,6b85993391be91b1,VIT,KaSing,13
881,6bc6eac33fd4b4c3,AFs,Kramer,6
882,6be0e0e371b29984,TPA,Lupin,13
883,6c0b80e85eee4ab5,NV,Hakuho,11
884,6c1c791cf12d3b7e,MVP,MaHa,6
885,6c2e2cbc4e8fdb27,NV,Hakuho,12
886,6c3bae1b9142f4f7,SKT,Wolf,12
887,6c6e02cbaa52d729,ROX,PraY,6
888,6ca759012b24b8b1,SKT,Wolf,16
889,6ccf1f32bf3aa39e,H2K,Chei,13
890,6ccf1f32bf3aa39e,H2K,Nuclear,8
891,6ccf1f32bf3aa39e,UOL,Hylissang,13
892,6d0142eda6d632e6,OG,Mithy,5
893,6d07feb7f9eee492,MVP,Max,14
894,6d1b89ef14abf346,EL,Nyph,16
895,6d3a8913578c2544,OG,Mithy,11
896,6d4d5dd0e2fedbbc,FNC,YellOwStaR,9
897,6d63f75f2f6049db,SKT,Piccaboo,12
898,6d7842e7bd6d4b1f,ROC,Wadid,5
899,6dfc93b829cc1a33,KBM,Riyev,3
900,6dfc93b829cc1a33,REM,Cabuloso,10
901,6dfc93b829cc1a33,REM,Sarkis,7
902,6dff47bfc291f8fe,EL,sprattel,17
903,6e4e65e7f3c965cb,G2,mithy,7
904,6e84230ce5f7b226,REM,Cabuloso,10
905,6ed8d480fd35cb58,HKE,Olleh,6
906,6eee83a687004b6c,JAG,Pilot,4
907,6f016a75919e5277,TSM,Lustboy,10
908,6f016a75919e5277,TSM,WildTurtle,3
909,6f104a84c4a0ee7a,FW,SwordArT,8
910,6f22876a49150320,KST,esA,7
911,6f782e014aee38af,SKT,Wolf,18
912,6f782e014aee38af,bbq,Totoro,12
913,6f87abff3ae64075,XG,SuKi,9
914,6f9ae66ad5b644d9,DIG,Xpecial,7
915,6f9ae66ad5b644d9,P1,Arrow,8
916,6fa03189c2167c37,RNG,Mata,13
917,6ff996091267c4c9,CLG,aphromoo,11
918,70049cae62a2ebcf,TSM,Biofrost,5
919,700cf54f3133436f,bbq,Totoro,13
920,701df2c3d67edc44,FW,SwordArT,6
921,7039e555b8821108,P1,Adrian,4
922,7039e555b8821108,TSM,Biofrost,12
923,707bd1a4931fab7a,SKT,Wolf,9
924,709fb5f21c47682b,T8,Dodo8,3
925,709fb5f21c47682b,TL,Xpecial,9
926,709fc0cd19317b6d,LZ,GorillA,16
927,709fc0cd19317b6d,LZ,PraY,14
928,70d51e4f47cc4609,BGG,RedBert VPP,11
929,70f1f8d2de86c8b8,G2,mithy,11
930,70fcd3152fb15a38,kt,Hachani,13
931,71019793090213d6,FNC,YellOwStaR,8
932,7110ec38510025b6,SSG,CoreJJ,11
933,717c71a488f6a062,ahq,Albis,8
934,71a5139ae6814877,FLY,LemonNation,8
935,71dc87d9e4290fc0,CJE,MadLife,12
936,71ddcb5ffd2b4d38,SKT,Bang,7
937,71ddcb5ffd2b4d38,SKT,Wolf,17
938,71de308c4227093b,ahq,Albis,8
939,71efb715720bc3d7,C9,Sneaky,11
940,71efb715720bc3d7,DIG,Xpecial,12
941,7215c47393df6128,kt,Fixer,16
942,7221e7af44168386,UOL,Hylissang,4
943,723ffae653f6be66,MVP,Max,10
944,723ffae653f6be66,SSG,Wraith,9
945,724e01f2fa2effe8,EDG,Meiko,5
946,72d57562ecaee789,SKT,Bang,6
947,72d57562ecaee789,SKT,Wolf,10
948,72ddaf358e82b01f,ROC,Wadid,6
949,72f929baf27d17ca,TPA,Jay,6
950,7311b01dc8983e7d,FW,NL,10
951,7311b01dc8983e7d,FW,SwordArT,17
952,73702dd5d8c41813,SSG,Wraith,10
953,73e008bb1bffe311,NV,Hakuho,13
954,744f3012f7172379,ITZ,micaO,4
955,744f3012f7172379,PNG,Ziriguidun,11
956,74539c15384418b4,TSM,Lustboy,11
957,745b5c55b918d948,AS,Weiiii,15
958,7473a5a174e40fce,GV,Bunny FuFuu,12
959,74c9514d6f5b675e,ahq,Albis,13
960,7505e3c372fdf91f,GV,Bunny FuFuu,14
961,751e1f62ba5d9e0e,NV,Hakuho,11
962,751e1f62ba5d9e0e,TL,Matt,10
963,75493124e8422dfb,WS,Chunx,4
964,754b802da77c59a6,LZ,Pure,15
965,759f5744da9c0f02,CLG,aphromoo,13
966,759f5744da9c0f02,SKT,Wolf,13
967,75d32e950c7ffb98,LGS,Ysera,8
968,75e819197c80efa7,SSG,Wraith,6
969,75f0c5653fa9e214,APX,Xpecial,18
970,75f0c5653fa9e214,CLG,aphromoo,8
971,76064b1c77596cb8,IM,TusiN,13
972,76095a54f35a79ca,SKT,Wolf,9
973,762c72407ff38146,GV,Bunny FuFuu,13
974,763613ed628ef784,AHQ,GreenTea,5
975,76599c4d10a76200,KOO,GorillA,12
976,765d0811d6c385b2,NJE,Ohq,5
977,7671174910605bc6,UOL,Hylissang,5
978,768948a373e3a84e,ROC,Tabzz,4
979,769070832a4f97b4,SHR,Zero,8
980,769070832a4f97b4,TPA,Jay,4
981,76fac7379a786b15,GET,PraY,6
982,7744d270c308774a,KDM,GuGer,6
983,77531969b20c9ce6,HKE,Olleh,12
984,7754152520598187,EL,Nyph,4
985,778895bd05d45d7b,GV,Bunny FuFuu,11
986,77cffa84014c22b2,CJE,MadLife,5
987,782c933429d2ba20,M17,Dee,13
988,782c933429d2ba20,M17,Dreamer,15
989,7836715ba188f80c,SKT,Wolf,13
990,784954da24a6f6dd,TSM,Biofrost,12
991,784954da24a6f6dd,TSM,WildTurtle,6
992,78a6ef0995690dcc,CLG,aphromoo,17
993,78f9e488ab9ef113,ESC,Key,8
994,7901a76abc3fe00b,H2K,kaSing,10
995,790364bbdab3a61d,TSM,Biofrost,15
996,79184fc02b5544db,SKT,Wolf,11
997,791f5e6e220fa72f,CLG,aphromoo,7
998,79500adc81164235,SKT,Wolf,12
999,798abfc47893fb1c,kt,Fixer,12
1000,79d6c2a8ed04de3b,SKT,Wolf,14
1001,79f4be7d3c1583ab,FOX,Gate,8
1002,7a064709f0fdc93e,C9,Sneaky,11
1003,7a5200c24e86c2f0,CLG,Doublelift,11
1004,7a7bb445d18d9d78,CLG,Aphromoo,5
1005,7a9a078379f0a120,FLY,LemonNation,7
1006,7a9a078379f0a120,TSM,Biofrost,8
1007,7aa05375d72c2d51,FOX,Big,15
1008,7aa4a96045584cfe,G2,mithy,7
1009,7aa6def54d9974f6,LZ,Pure,4
1010,7aba55e7b34b33be,H2K,kaSing,11
1011,7b0f44eaa4499da3,H2K,kaSing,5
1012,7b1d24dd5d0ecfce,ITZ,Jockster,8
1013,7b36962ffedce2bd,TSM,Biofrost,10
1014,7b433f93b4f6a55b,SKT,Wolf,12
1015,7b4702f7283860b1,SKT,Wolf,10
1016,7b4f6400bb5f0053,C9,Smoothie,17
1017,7b68ab3f1d6ebe91,AFs,SnowFlower,11
1018,7ba28e6d86ccdb3f,P1,Gate,8
1019,7c796c0e7a0507ce,DIG,Xpecial,17
1020,7c796c0e7a0507ce,FOX,Gate,5
1021,7c7c4558785400c2,UOL,Hylissang,8
1022,7c9be19c18955303,KOO,GorillA,13
1023,7ceb7e657b09fc46,KDM,GuGer,4
1024,7ceb7e657b09fc46,SSG,CoreJJ,9
1025,7cf0f3324e7dcca3,kt,Arrow,7
1026,7d36dc81a95af5ac,OG,Mithy,11
1027,7d963c4407c701e4,TM,Breeze,7
1028,7d963c4407c701e4,TM,Rain,12
1029,7dd33be7d7d4acc3,ahq,GreenTea,18
1030,7dffa30dea7b96f4,M17,Dreamer,7
1031,7e20b885fe68cea6,UOL,Hylissang,15
1032,7e218ccfbffc97d2,SKT,Wolf,12
1033,7e2d26a5ce0992a8,CJE,MadLife,17
1034,7e2d26a5ce0992a8,CJE,Space,13
1035,7e2d26a5ce0992a8,NJE,Cain,7
1036,7e327a8ea7556d3d,CLG,Stixxay,5
1037,7e375a2e13e389fb,SSG,Wraith,4
1038,7e49b2d62cda501c,SKT,Wolf,13
1039,7e8976b214b65890,FNC,Rekkles,5
1040,7e8976b214b65890,FNC,YellOwStaR,7
1041,7ebb8fc288de73ba,NJF,Pure,12
1042,7f32b00eeb67d88a,C9,LemonNation,8
1043,7f48241f2ecbecc8,SKT,Wolf,18
1044,7f499044e0ca2880,FW,SwordArT,8
1045,7f5b26d7a8e00cbe,NJE,Pure,10
1046,7f642c9d3ca00da7,ahq,Albis,11
1047,7f7cb373adaf0822,C9,Smoothie,14
1048,7fc7f4aac6a34613,CLG,Aphromoo,11
1049,7fc7f4aac6a34613,TL,Xpecial,16
1050,80824af624cd95e8,AS,BeBe,12
1051,80d74cc3683eba13,IMT,Adrian,8
1052,80d74cc3683eba13,NRG,KiWiKiD,18
1053,80f713f5de185a22,NJE,Cain,23
1054,80f713f5de185a22,SKT,Bang,5
1055,80f713f5de185a22,SKT,Piccaboo,6
1056,8108b30126177b06,C9,Hai,5
1057,812308e55c9af233,VIT,Hachani,11
1058,8132605205261b67,SKT,Wolf,15
1059,81607d39cb296bc7,CLG,aphromoo,16
1060,817c62353e9ee912,PNG,Loop,5
1061,818de7c72d37e0b4,FNC,YellOwStaR,6
1062,81903db00dad8001,OMG,Cloud,7
1063,81cb571e1e2a5907,NV,Apollo,5
1064,825dcbc72cc57865,LOG,S Ysera,9
1065,8278cdee8390c19a,IMT,Olleh,9
1066,8287c92c758ba77b,SPY,Mikyx,14
1067,828ef9a4dd73bd08,KOO,GorillA,5
1068,829819eb50b6fb17,C9,LemonNation,10
1069,82a20ce0c439aef3,CJE,MadLife,6
1070,82d3cb5ff26ada47,SKT,Wolf,4
1071,82eb3ccbeb492567,AFs,SnowFlower,5
1072,83338b7c076f011c,TSM,Biofrost,12
1073,835ab1d5c5a10f23,GIA,G0DFRED,11
1074,835ab1d5c5a10f23,H2K,kaSing,17
1075,83f2a2de43f822bb,APX,Xpecial,5
1076,840b14d5658fdbf3,FNC,YellOwStaR,8
1077,840eb4f48e3b8389,C9,Smoothie,9
1078,8412d2687f80bde9,GIA,Hustlin,8
1079,84147b07246747a8,S04,sprattel,11
1080,84ad169d500272cc,SKT,Bang,4
1081,84b59df24182d55d,FNC,YellOwStaR,11
1082,84b59df24182d55d,GMB,GoSu Pepper,5
1083,84f18ef635d7257d,KDM,Secret,9
1084,84f4c76d0c5c0428,GET,GorillA,11
1085,852a3dfee302d284,FW,SwordArt,5
1086,852b295ad8383dc6,KST,Ziriguidun,6
1087,852b295ad8383dc6,PNG,Loop,6
1088,854766550fb2ab8b,UOL,Hylissang,9
1089,858aa346f5dba85c,PNG,Ziriguidun,11
1090,85ba103d156544ec,P1,Adrian,17
1091,85be3faaf5289a84,MSE,CorGi,6
1092,85be3faaf5289a84,MSE,Kaiwing,14
1093,85dc8bbba4f9b684,ahq,Albis,4
1094,864ed9082c4671ea,JAG,Chei,5
1095,8663d2a752587ec3,FW,SwordArt,9
1096,869499bf06faab53,ahq,GreenTea,14
1097,86a0dff3ee0551ec,DIG,Xpecial,10
1098,86d4c628a9babfbb,IMT,Adrian,14
1099,86edc229be693d1f,FNC,YellOwStaR,13
1100,86efd7027363d54c,OG,Mithy,5
1101,87315a94a0ddf598,IMT,Olleh,6
1102,8749306da4ce243b,T8,Dodo8,4
1103,874b9bec999cbf2e,AFs,SnowFlower,15
1104,874b9bec999cbf2e,SSB,Secret,7
1105,87a209c48be15439,FW,SwordArt,12
1106,87f839191c5af9e2,AHQ,Albis,9
1107,88109f4bdf8107bd,JT,Jay,6
1108,8840ad72712d726c,H2K,Vander,13
1109,885cdc25f64cc546,FNC,YellOwStaR,17
1110,88848312283e8bd2,HKE,Olleh,12
1111,88bddf3ccc98c390,FB,SkuLL,13
1112,88c43bbfb07a3006,CW,Unlimited,22
1113,88ce77db01c51945,EDG,Meiko,6
1114,893caa52a32983fb,JT,Jay,12
1115,8945e0f760474404,FNC,Jesiz,8
1116,8945e0f760474404,UOL,Samux,6
1117,894ab1a730fa90a0,EDG,Meiko,15
1118,894ab1a730fa90a0,ROX,GorillA,5
1119,898e47758375b6fb,OG,Mithy,10
1120,89a31bd88d2209dc,C9,Smoothie,12
1121,8a3445242a581028,ITZ,Jockster,11
1122,8a3eca003de35fc3,NJE,Cain,17
1123,8a3eca003de35fc3,SSG,Fury,9
1124,8a40d0c9b6721e9e,MSE,Kaiwing,7
1125,8a5974d9d6edc091,ANC,SnowFlower,8
1126,8a8db9d16163ae92,ROC,Raise,8
1127,8a9a86786518a44a,GET,GorillA,11
1128,8b04966d65348527,C9,Smoothie,16
1129,8b04966d65348527,C9,Sneaky,10
1130,8b228d99406d8671,TSM,Biofrost,8
1131,8b402df5fa6be6d0,XG,SuKi,9
1132,8b66b9cb4364d7f8,GET,GorillA,19
1133,8ba3a5d91cc825fa,MSF,IgNar,13
1134,8ba421db3b04a6b3,HKE,GodJJ,9
1135,8ba421db3b04a6b3,MSE,Chunx,13
1136,8ba421db3b04a6b3,MSE,Stitch,11
1137,8bc73c6de92f4e7c,LZ,GorillA,11
1138,8be2266567dca75e,G2,mithy,12
1139,8c3549ed18e89a14,LGS,Ysera,19
1140,8c5017b8c167bc4e,FLY,LemonNation,6
1141,8c5017b8c167bc4e,FOX,Keith,8
1142,8c5a4415a3103e7b,kt,Piccaboo,6
1143,8c5b3745edaf4aa6,H2K,kaSing,11
1144,8c66487afc8d6a10,ITZ,Jockster,9
1145,8c79bc20f0984e4f,FW,SwordArt,12
1146,8cc456bc3b4310cf,ITZ,Jockster,12
1147,8cec9efcab80a21f,CJE,MadLife,7
1148,8d2c61e2d2c3260f,IMT,Olleh,8
1149,8d3e865be4b13758,IMT,Adrian,12
1150,8d7a85cb462adc40,IMT,Adrian,10
1151,8d7b1c807989d61d,C9,Smoothie,9
1152,8db57f90c274f131,C9,Hai,10
1153,8dcbc863b65a3e47,TL,Matt,5
1154,8dda8184187103ac,ROX,GorillA,10
1155,8de6f3e698e4d194,IMT,Adrian,15
1156,8de6f3e698e4d194,IMT,WildTurtle,7
1157,8de6f3e698e4d194,NV,Hakuho,8
1158,8df9496cde90a6d7,FW,SwordArT,10
1159,8df9496cde90a6d7,TPA,Jay,15
1160,8dfa2b811d39dc09,ANX,Likkrit,6
1161,8e32367839f859f1,CLG,aphromoo,8
1162,8e8c3c70e11bc39f,MSE,Chunx,11
1163,8ea2fd4a7c3a4cb7,AFs,SnowFlower,5
1164,8ea2fd4a7c3a4cb7,kt,Hachani,10
1165,8eb31bec4b91b566,ROC,Raise,15
1166,8eb31bec4b91b566,SPY,Mikyx,9
1167,8ebf221f50361ae0,MVP,Max,9
1168,8ec1043f6cc389a0,LZ,GorillA,8
1169,8ec1043f6cc389a0,MVP,MaHa,4
1170,8ec1043f6cc389a0,MVP,Max,10
1171,8edcbba632ebb415,SSG,Ruler,4
1172,8ee82238d5b35e83,IMT,Olleh,3
1173,8ee82238d5b35e83,TSM,Biofrost,9
1174,8f16a34eacdfd4ee,KBM,Matsukaze,11
1175,8f16a34eacdfd4ee,OPK,Professor,9
1176,8f9d5507931d097d,SHR,Zero,15
1177,8ff6257949b46280,JAG,Pilot,8
1178,8ff91ee509b2589b,JT,Jay,9
1179,9013271d0bbb43ac,OPK,Professor,11
1180,9038849da5407a84,NJF,Pure,4
1181,9079e144c4433c59,HKE,Olleh,11
1182,9079e144c4433c59,LGS,Ysera,4
1183,90ae08ab6c63aca9,SSG,Wraith,16
1184,90ce14c0e049c6fa,WS,K,7
1185,90f3d39ca6869bad,NV,Hakuho,22
1186,910d1678643730c4,CLG,Doublelift,8
1187,910d1678643730c4,CLG,aphromoo,7
1188,911bc89a7e365614,GMB,Edward,19
1189,912695bf4710aad9,BGG,RedBert VPP,15
1190,91534ecdd535635a,SKT,Wolf,11
1191,91559a934524e702,JT,Jay,13
1192,91559a934524e702,ahq,Albis,11
1193,915c482f5e48f393,RED,Dioud,9
1194,91731e26420e7670,LOG,S HoHotDoG,9
1195,91a0a2d462dc0d41,IMT,Adrian,13
1196,91a0a2d462dc0d41,P1,Gate,4
1197,91ad5b326a3561b9,FNC,YellOwStaR,17
1198,91b5a0dc403c1721,ROC,Vander,4
1199,91dd1338a5f385dd,TSM,Lustboy,10
1200,9212c67bc0e59f63,kt,Mata,14
1201,9272190b156f9bfc,TSM,Lustboy,6
1202,9283ea288d3f2832,M17,Dreamer,6
1203,929882b869a7949c,JT,BeBe,8
1204,92f4bf24e0a8cb58,SKT,Wolf,9
1205,930b71a0b0621ef6,IM,TusiN,12
1206,932ac227b8ab560e,G2,mithy,11
1207,932ac227b8ab560e,GAM,Archie,6
1208,9332f0b03bba2f3e,GV,Altec,8
1209,9332f0b03bba2f3e,GV,Bunny FuFuu,13
1210,935b267f84bbdfff,PNG,Dioud,11
1211,937453558016fcce,JAG,Chei,10
1212,939c160aa9d5fefd,SKT,Wolf,16
1213,93aa539a57bd9410,CLG,Aphromoo,12
1214,93dd9b014d5518eb,CJE,MadLife,7
1215,943b858887f86a50,NJE,Pure,14
1216,943c8315026c3ac6,FNC,YellOwStaR,13
1217,943c8315026c3ac6,SK,nRated,10
1218,944195defab8e708,OG,Niels,5
1219,947be2c3d14647e4,TPA,Jay,5
1220,949fd30c4ad5d712,OG,Mithy,7
1221,94c6adc462342b80,FNC,YellOwStaR,19
1222,94c6adc462342b80,UOL,Hylissang,14
1223,94d8eb06d904ec29,ROX,GorillA,15
1224,94f4e7ae4539dfea,DIG,KiWiKiD,11
1225,951b6a1c93469788,CNB,pbO,7
1226,9526651754957b4a,GIA,Hustlin,12
1227,9526651754957b4a,OG,Hybrid,4
1228,954b61df4e545234,AFs,SnowFlower,10
1229,955ff1db139c8d07,SPY,Mikyx,16
1230,956b78908ef5a74d,ESC,LokeN,8
1231,95a6abd14c304678,ESC,Key,11
1232,95c0b0330487f2ca,C9,Bunny FuFuu,7
1233,95e3b907b0c652f7,FNC,Yellowstar,20
1234,95f6d033723e650a,C9,Sneaky,6
1235,960157e1cc1b207e,TSM,Yellowstar,17
1236,96180cadbba3065d,TIP,Adrian,11
1237,96d4cf113afcd471,UOL,Hylissang,12
1238,96d55366453fd56b,FW,SwordArT,13
1239,96e9c4890961d992,GET,GorillA,12
1240,970d17934a27fde4,GV,Bunny FuFuu,13
1241,97317ad7545b68a2,OG,Mithy,11
1242,9742ac23f04b5fe6,ITZ,Jockster,3
1243,9742ac23f04b5fe6,KST,Ziriguidun,8
1244,97582812c668144d,DIG,KiWiKiD,13
1245,9795a66e7d387ac2,TPA,Jay,17
1246,97aaa09f204e1b42,OG,xPeke,10
1247,97aaa09f204e1b42,ROC,Hjarnan,12
1248,97aaa09f204e1b42,ROC,Wadid,21
1249,97e6aee9cbd0d945,SSG,CoreJJ,14
1250,97fcbbf11e0f4627,IMT,Adrian,14
1251,980f4fee9c6620dc,HKE,Olleh,4
1252,982e07ef018b8bdd,FW,SwordArT,13
1253,986f74e88280d41e,KDM,GuGer,4
1254,98980963cf9c4729,ROX,GorillA,15
1255,98a968823226da0e,C9,LemonNation,12
1256,98eab43c6d83fa43,P1,Gate,7
1257,98eab43c6d83fa43,P1,Mash,10
1258,9953118711fac6f8,TSM,Yellowstar,10
1259,996e843d01cae5e6,APX,Xpecial,11
1260,9972a4775464d66b,P1,Gate,11
1261,997d463b621915b5,Mac,Dreamer,6
1262,99ea2dc7c2318483,AFs,SnowFlower,5
1263,99ea2dc7c2318483,SSG,Ruler,9
1264,9a0941c946bbe2df,ROX,Key,8
1265,9a12498cc97c29b8,CLG,aphromoo,23
1266,9a12498cc97c29b8,IMT,Adrian,6
1267,9a1f0366cd896b87,H2K,Chei,8
1268,9a56ff6ddbe22af3,AFs,TusiN,8
1269,9a64672c2a70fdc7,APX,Xpecial,3
1270,9a8f06ea1a603daa,CLG,Stixxay,4
1271,9a8f06ea1a603daa,CLG,aphromoo,9
1272,9a8f06ea1a603daa,DIG,Xpecial,3
1273,9a9c9f3e1dcacbce,AFs,TusiN,13
1274,9b0c6cc7e6395a48,FNC,Jesiz,12
1275,9b465be1382c6d42,LZ,Pure,10
1276,9b46ef0015471991,SKT,Wolf,7
1277,9bb1ef5de19bfe4d,FOX,Gate,8
1278,9bb9caf3b810a511,GIA,G0DFRED,5
1279,9bbf0249596b130e,SSG,CoreJJ,9
1280,9bc078b238629d04,CJE,Space,12
1281,9bc1093fd93954cc,JAG,Cpt Jack,7
1282,9c00b2ea31e68bf2,UOL,Hylissang,12
1283,9c00db0fa33f787b,TL,Piglet,5
1284,9c0fc4f517c42ffa,HKE,Nestea,5
1285,9c4ef3b2814d8592,RED,Dioud,11
1286,9c7f1701550de2ad,SSG,Wraith,8
1287,9c8de02fec206831,AHQ,GreenTea,9
1288,9cce6b80f26dd583,SSG,CoreJJ,15
1289,9cd174545deb61c5,WS,Chunx,5
1290,9cd972caedb6443f,G2,mithy,11
1291,9ce6d1ca1a949fb0,EL,sprattel,11
1292,9ced30be404b8989,C9,Hai,8
1293,9ced30be404b8989,CLG,aphromoo,15
1294,9d0ec25ce822c17a,AS,Weiiii,8
1295,9d0ec25ce822c17a,ahq,GreenTea,9
1296,9d4bf9464028f07b,MVP,MaHa,7
1297,9d4bf9464028f07b,MVP,Max,10
1298,9d7c6584d15a27c2,NJF,Pure,7
1299,9da12bca41666abe,FOX,Big,9
1300,9dd207ff3ebfd598,KOO,GorillA,18
1301,9dd7415881dede01,HKES,Olleh,15
1302,9de44619f393863e,H2K,Freeze,7
1303,9de44619f393863e,H2K,Vander,9
1304,9dec9bbf8d90f643,TL,Matt,15
1305,9e00cb3a5440d707,KOO,GorillA,4
1306,9e2d2a388721da4e,CW,Unlimited,4
1307,9e56c6e11fd0dc69,UOL,Hylissang,6
1308,9e82175ddb64c85c,LGS,Ysera,6
1309,9e82175ddb64c85c,ahq,Albis,11
1310,9e93406f79a69713,OG,Mithy,30
1311,9eb7561aa3b13f3a,SKT,Wolf,10
1312,9ec17f736d93f10c,ahq,AN,9
1313,9f018ac7eab10cbf,SKT,Wolf,14
1314,9f40c47f884cd1c9,JAG,Sweet,12
1315,9f63258311c7a681,C9,Smoothie,13
1316,9fe3604c6eb8bfd2,NV,Hakuho,16
1317,9fea62e4da8b7e70,GIA,Hustlin,11
1318,a00d4fda40dc613b,JAG,Chei,7
1319,a02ff4b40290a621,TSM,Biofrost,10
1320,a02ff4b40290a621,TSM,Doublelift,3
1321,a0453a42a62ea40e,SKT,Wolf,11
1322,a072f3f48ef0a754,C9,Smoothie,16
1323,a09645146263aabe,FW,SwordArT,11
1324,a09827bcddbdda75,TSM,Biofrost,6
1325,a09a1bcc888ff2f7,TIP,Gate,11
1326,a0bed0cc30e201a3,Mac,Dreamer,9
1327,a0bed0cc30e201a3,ahq,AN,13
1328,a0bed0cc30e201a3,ahq,Albis,17
1329,a0ef2274c968c358,OG,Hybrid,7
1330,a10ab94c5dd5aa48,kt,Mata,10
1331,a127041d1851db79,UOL,Vardags,6
1332,a14990ba1e6d06ac,KST,Ziriguidun,17
1333,a14990ba1e6d06ac,KST,esA,7
1334,a16e9570c9c11357,FNC,Yellowstar,8
1335,a18650f72e2aa5df,SKT,Wolf,15
1336,a196e7371aa0a23c,WFX,Gleeb,13
1337,a19ca47965f53588,LMQ,Mor,18
1338,a19ca47965f53588,LMQ,Vasilii,7
1339,a2126b50b67efa95,GV,Bunny FuFuu,14
1340,a215ec943ba15ed4,M17,Dreamer,11
1341,a2886f414775b683,CLG,aphromoo,11
1342,a29b8ce5ded58752,NV,Hakuho,11
1343,a29eca8f93c9d7e4,TL,Matt,14
1344,a2f81fdba698461f,GET,GorillA,13
1345,a3385e2fa8f16058,G2,mithy,10
1346,a3428b044cc050c9,H2K,Vander,10
1347,a34458b0a6d25892,MVP,Max,10
1348,a35851a050ba3ae0,kt,Fixer,15
1349,a36c8ab58f36e52a,TSM,Lustboy,12
1350,a37f861d119b11a3,kt,Hachani,11
1351,a382df4059846295,IMT,Adrian,7
1352,a384641759a15cf6,GV,Bunny FuFuu,10
1353,a3acb118e966aed0,CLG,aphromoo,4
1354,a3bf6f4e45864ac8,TL,Xpecial,18
1355,a3f94ff517974f50,PNG,Picoca,6
1356,a3f94ff517974f50,VFK,Verfix,14
1357,a3fcdf62eb7cb4d1,CW,Unlimited,7
1358,a40233263d3f1e55,ROC,Raise,9
1359,a420f7c76afd19bd,SKT,Wolf,11
1360,a47b1e782111a362,CJE,MadLife,11
1361,a47b1e782111a362,CJE,Space,8
1362,a48365f487fb1750,CLG,aphromoo,21
1363,a4aa01f1f8e9326a,EDG,Meiko,20
1364,a4d1b04e6dc99691,C9,Smoothie,9
1365,a4d1b04e6dc99691,C9,Sneaky,6
1366,a4dd5a03eb1ae82f,ahq,Albis,10
1367,a4e8809a2cc4f28c,FNC,YellOwStaR,13
1368,a533f17d4bb03191,T8,Dodo8,8
1369,a539aa7c08003c41,SKT,Wolf,8
1370,a5991ea2f555be91,KOO,GorillA,5
1371,a59fa62717ea2024,FW,SwordArT,11
1372,a5dfca516ffe4d7d,KOO,GorillA,9
1373,a5e39c76a8e91ba9,SSW,imp,4
1374,a6724f557809868f,TL,Matt,16
1375,a68b5acc44003c32,NV,Hakuho,9
1376,a68d2056e5c6b49b,FW,SwordArt,12
1377,a6aa927df74ae3d3,GMB,Edward,11
1378,a6aa97f8c64164af,JAG,Chei,7
1379,a6c77a5939b97fa9,FNC,YellOwStaR,17
1380,a70a111867a1816d,C9,Smoothie,6
1381,a723632a2b5fac4e,C9,LemonNation,14
1382,a73a7e615c82374c,KOO,GorillA,12
1383,a74672d06e8d39f1,G2,mithy,13
1384,a7522d3732859373,UOL,Hylissang,11
1385,a7980b8c4707c40a,KBM,Riyev,5
1386,a7980b8c4707c40a,OPK,BocaJunior,12
1387,a7980b8c4707c40a,OPK,LUSKKA,16
1388,a7b8d781e505ac56,kt,Arrow,4
1389,a7b8d781e505ac56,kt,Hachani,9
1390,a7ca01007b6d5f27,HKE,GodKwai,6
1391,a8104ee2d676090a,CW,Unlimited,22
1392,a8104ee2d676090a,ROC,Vander,13
1393,a8104ee2d676090a,ROC,Woolite,5
1394,a81f296b322d1c10,H2K,kaSing,13
1395,a836c953faa3bc4b,H2K,Vander,12
1396,a8404eef0c0a4103,M17,Dreamer,13
1397,a8404eef0c0a4103,MSE,Chunx,8
1398,a8686d4ba46af250,WE,Zero,12
1399,a8a69a83e261e03d,TL,Matt,13
1400,a8b47711a8115b7b,FNC,YellOwStaR,7
1401,a8db72d753fbb0de,JAG,Pilot,10
1402,a8eee234011ada5b,kt,Piccaboo,11
1403,a90a5ba6ed09836a,XG,SuKi,11
1404,a91e128bd7b528dc,LGD,Pyl,17
1405,a94028aabaa3f07f,G2,mithy,8
1406,a9472736dc55230f,MVP,Max,10
1407,a97a94063adac491,G2,Hybrid,9
1408,a9c1b42b362c6910,FOX,Keith,13
1409,a9cedea5cdd08994,TL,Matt,18
1410,aa451a8ee849d08e,OG,Mithy,13
1411,aa538b65465c2326,EDG,Meiko,12
1412,aa6cea2bdfa08f9f,M17,Dreamer,6
1413,aa7e6a08cd327275,CNB,Woswos,7
1414,ab0b714c18e6242c,OMG,Cloud,17
1415,ab0fd5551c626ea4,MSF,IgNar,13
1416,ab6c24729b89eb2c,ROC,Wadid,10
1417,ab7583efe6e1c8da,SKT,Wolf,7
1418,ab7ea61b12b3d3e9,UOL,Hylissang,11
1419,abad497640eb27eb,ROC,Vander,8
1420,abbdc7f51d393dbf,TSM,Biofrost,11
1421,abee0d79bbe64762,ROX,GorillA,17
1422,abf0dfd4c126ad3b,FW,SwordArT,15
1423,abf0dfd4c126ad3b,LGS,Ysera,9
1424,ac2f70d568042f38,SSG,CoreJJ,11
1425,ac33fc72f78724a8,SKT,Wolf,9
1426,ac33fc72f78724a8,SSG,Ruler,3
1427,ac34faea0b6639df,MSF,IgNar,9
1428,ac34faea0b6639df,SPY,Mikyx,6
1429,acbb92c8c3f76049,SK,nRated,11
1430,acd23d4d6ddc02a7,VIT,KaSing,7
1431,acd4868055b4fa4a,G2,mithy,11
1432,ad0434d359f7e282,JAG,SnowFlower,4
1433,ad1ee3b1a2d0e1fb,OPK,BocaJunior,3
1434,ad39ad7332248116,CLG,aphromoo,11
1435,ad821d17a6a45dde,TL,Xpecial,3
1436,ad8cea8e5379ef59,SKT,Wolf,9
1437,ad906c10b354307e,C9,LemonNation,13
1438,ad906c10b354307e,CLG,aphromoo,18
1439,ae360307684b4903,CLG,aphromoo,13
1440,ae6c2f9529fb64bc,GIA,Hustlin,13
1441,aeaeaf5fd8183f46,MSE,Chunx,23
1442,af022da335a1f116,TL,Matt,12
1443,af090ee587f3031c,ITZ,Jockster,7
1444,af6faaaac31460d9,CJ,MadLife,4
1445,af961540db8b4a57,kt,Fixer,6
1446,b00afc9076fa9029,FNC,YellOwStaR,7
1447,b0150b897fdc3098,NGU,QuietRain,12
1448,b01762c3906ac768,SKT,Wolf,12
1449,b026b61848460455,OPK,Professor,7
1450,b02d31d8ef5d975a,TIP,Apollo,6
1451,b039603b84df82a7,JT,Jay,16
1452,b04aa0f89b1c2d75,FW,SwordArT,9
1453,b05226425ad2f161,KOO,GorillA,11
1454,b05872760257985d,MVP,MaHa,12
1455,b05872760257985d,MVP,Max,11
1456,b0aa33706b55b413,JAG,Pilot,5
1457,b0bbd48d3866f8cb,FOX,Gate,13
1458,b0fa4fb2fd8c61c0,CLG,aphromoo,7
1459,b0fa4fb2fd8c61c0,TL,Matt,15
1460,b1130cf8f9c5e772,C9,Sneaky,7
1461,b1130cf8f9c5e772,DIG,KiWiKiD,6
1462,b12aca54710a7a12,HKE,Olleh,18
1463,b13a3411cc2e242b,AFs,SnowFlower,10
1464,b146e55ab060abc4,Mac,Dee,10
1465,b14fd1cbf4a478c7,NV,LOD,7
1466,b1712b7956fc3028,GMB,Edward,23
1467,b19ee6b71e738673,UOL,Hylissang,15
1468,b1ead01742931c7b,CLG,aphromoo,10
1469,b22979b9ded477fd,G2,Zven,5
1470,b22d0f3f1ba2f0d0,C9,LemonNation,9
1471,b2332294881491e8,HKE,Veki,12
1472,b292c5d1399ff0a6,G2,Zven,9
1473,b292c5d1399ff0a6,ROC,Raise,20
1474,b2c86ef12aad5eb1,SKT,Wolf,5
1475,b2ef740c15462370,TL,Xpecial,15
1476,b304d6395dddd42e,RNG,Mata,15
1477,b3ee0945c7590ce6,KOO,GorillA,12
1478,b3f165928eaa9795,HKES,Olleh,29
1479,b3f2aea90eefe127,ANC,SnowFlower,14
1480,b457855303111caf,MSF,IgNar,4
1481,b49ec7b6e70e0ac3,C9,Bunny FuFuu,15
1482,b49ec7b6e70e0ac3,NRG,KiWiKiD,14
1483,b4d301ea53190209,TSM,Biofrost,7
1484,b4f6f3cfd9f0f287,SSW,Mata,17
1485,b5020ba7c60c6b45,NV,Hakuho,10
1486,b516729f5838c5e9,TL,Matt,11
1487,b51847fec08a0f8b,SKT,Wolf,10
1488,b51847fec08a0f8b,SSG,Wraith,11
1489,b53089e9f1bb2f21,EDG,Fzzf,19
1490,b55c708fe80fc5bf,TSM,Yellowstar,8
1491,b56cb9f6da5052a6,KT,Piccaboo,14
1492,b5984b2ac95207a4,WS,K,6
1493,b5ae9ce89a2e59cc,FW,SwordArT,10
1494,b5bb778960ef9dec,CLG,aphromoo,13
1495,b5bd3ae9f59a3975,SSG,Wraith,11
1496,b5c163cfcd10dae7,EL,Nyph,7
1497,b5c163cfcd10dae7,EL,Rekkles,5
1498,b5c6263bff9ec87a,FW,SwordArt,11
1499,b60bb050e8a4f6a7,ahq,Albis,18
1500,b62622f67204818b,AS,BeBe,7
1501,b62622f67204818b,AS,Weiiii,10
1502,b6443944c0bd3187,BGG,RedBert VPP,14
1503,b6443944c0bd3187,OPK,Professor,7
1504,b67310e2b7ac1bf7,FLY,LemonNation,18
1505,b6898378212fa327,G2,mithy,10
1506,b69958053fc6c6d8,G2,Zven,15
1507,b6bdb005bad88103,APX,Apollo,12
1508,b6bdb005bad88103,APX,Xpecial,11
1509,b6fe005f4205fe61,SSG,CoreJJ,12
1510,b7131e21f6eb252e,DIG,Xpecial,5
1511,b7686850850c7171,CLG,aphromoo,6
1512,b7686850850c7171,FW,SwordArt,10
1513,b775f40808ee7697,SPY,Mikyx,7
1514,b78acf56eece1674,FW,SwordArt,11
1515,b7b537aaeb4972d0,VFK,Baiano,7
1516,b7c411103db1e3c2,FOX,Big,10
1517,b82908312ba8670b,UOL,Hylissang,10
1518,b8469111bf20089e,FW,SwordArT,12
1519,b85141612aa43af1,CLG,aphromoo,5
1520,b85141612aa43af1,ROX,GorillA,12
1521,b89b17c8ee1630d8,CST,KonKwon,5
1522,b8ad4633e53932f5,PNG,Dioud,12
1523,b93bd873cf8cd10a,NJF,Pure,12
1524,b97ed4ce330e8de1,P1,Arrow,8
1525,b9abc522985823c8,UOL,Hylissang,7
1526,b9c58b098d04d374,GET,PraY,8
1527,b9c7987880a79639,ROX,GorillA,11
1528,b9d33cfd6d182f56,SKT,Wolf,11
1529,ba1de8623b961ba8,AFs,TusiN,12
1530,ba1de8623b961ba8,MVP,Max,7
1531,ba25fa71e139d03a,TSM,Doublelift,6
1532,baf388c1f45dd01b,FNC,YellOwStaR,14
1533,bb1e1042717351a2,JAG,Chei,11
1534,bb7df3843be874a5,SPY,Mikyx,9
1535,bb82a23d050613d1,T8,Dodo8,12
1536,bb838688f27e269a,G2,mithy,9
1537,bbef5f01a9ba4c87,JT,Jay,4
1538,bc715e5ce8216066,DIG,KiWiKiD,14
1539,bc715e5ce8216066,NRG,KonKwon,10
1540,bccfef0c2162bafb,FOX,Keith,7
1541,bce5cf1c2acacb96,kt,Piccaboo,9
1542,bd0e0dd63ae79de9,SSG,CoreJJ,12
1543,bd0e0dd63ae79de9,SSG,Ruler,11
1544,bd1aba7fc5f0839e,SKT,Wolf,13
1545,bd41dada0b6e9193,ROX,Key,14
1546,bd4c9ff9e4022860,MSF,IgNar,6
1547,bd69c617a8590d5d,TSM,Biofrost,8
1548,bd72dad973038752,GIA,S0NSTAR,5
1549,bdbf7fd35fde25c4,AFs,TusiN,12
1550,bdd7bf22f4b94f41,FNC,Jesiz,9
1551,bdebbd99454e91a2,CJE,MadLife,6
1552,bdebbd99454e91a2,MVP,MaHa,4
1553,be227e0af2374ee1,JT,Jay,10
1554,be2d41460ace9b23,ANC,SnowFlower,17
1555,be3b6afdde05e392,CLG,aphromoo,15
1556,be3b6afdde05e392,NV,Hakuho,19
1557,be6f7facfeba2f8e,RED,Eryon,13
1558,be6f7facfeba2f8e,VFK,Verfix,8
1559,be7fce9d3ea04826,G2,mithy,15
1560,be9f233cddf2ddae,AFs,TusiN,4
1561,beccaf158bdc34ca,LZ,PraY,3
1562,beccaf158bdc34ca,SSG,CoreJJ,12
1563,bf5af5c5969e320f,FNC,YellOwStaR,11
1564,bfcdf6f6a3ffd7ec,UOL,Veritas,6
1565,bfcf0d02154713d4,MSE,Kaiwing,9
1566,c019fbdb115c8f84,TSM,WildTurtle,7
1567,c020da734fd381f8,ahq,Albis,12
1568,c0575b049f5655b2,FNC,YellOwStaR,17
1569,c071e488d1dfb05c,HKE,Olleh,8
1570,c099423291e15d4e,TPA,Jay,14
1571,c0a7a93d151421ac,SKT,Wolf,16
1572,c0a7a93d151421ac,kt,Mata,4
1573,c0d52d7843b737a4,FOX,Gate,11
1574,c0db674dad2444ec,CNB,pbO,9
1575,c0e57a93803e3052,TSM,Biofrost,13
1576,c0ebad485f8871e6,MVP,Max,3
1577,c0fccb363418207a,SK,FORG1VENGRE,5
1578,c0fccb363418207a,SK,nRated,4
1579,c15120b76d7b6f12,VFK,Verfix,12
1580,c1678fe8c1106f56,TL,KEITH,10
1581,c1678fe8c1106f56,TL,Xpecial,11
1582,c1d6a2220290dd21,KBM,TheFoxz,10
1583,c1d6a2220290dd21,OPK,BocaJunior,7
1584,c2167ee61e82a534,HKE,Olleh,11
1585,c23ba55f42a8e90a,GMB,GoSu Pepper,11
1586,c24009f55e311630,CNB,Woswos,9
1587,c25292c93f9a7c5a,CJE,MadLife,8
1588,c25292c93f9a7c5a,CJE,Space,8
1589,c25292c93f9a7c5a,KOO,PraY,9
1590,c25e7df6ea26d112,CJ,MadLife,8
1591,c27d268ae4429901,SKT,Wolf,14
1592,c28188d1a3353f6a,GIA,Rydle,5
1593,c2945a594a3c5778,SKT,Wolf,9
1594,c29640a395768128,LZ,Pure,8
1595,c2cfb86d9c1afc8d,EDG,Meiko,7
1596,c2f3e183a42920a4,S04,sprattel,11
1597,c32725629bd4c044,G2,Zven,9
1598,c354fd7057289966,CLG,aphromoo,14
1599,c363b0c82f9316db,ahq,Albis,8
1600,c39978d6bb313ae6,ahq,Albis,11
1601,c3d2d787362dcc9d,GET,GorillA,16
1602,c3df2fa9af5fc602,OPK,Professor,7
1603,c3e1653de5fbde03,G2,mithy,10
1604,c3e1a58dabe411f4,CNB,Wos,9
1605,c3eace97b05ba88c,TPA,BeBe,12
1606,c3fd0a2066611855,yoeFW,SwordArT,10
1607,c4175cd4fbc1c50c,CLG,aphromoo,23
1608,c42398912e09c771,SSB,Heart,17
1609,c434cbb332015dc7,SKT,Wolf,14
1610,c443146454e6c778,MSE,Chunx,8
1611,c4a94c552a790107,BKT,Moss,11
1612,c51fc6c0bb6ac33e,SHR,Zero,18
1613,c529cd31cfb9ef74,Mac,Dreamer,14
1614,c533d6494cf15f16,DIG,Apollo,8
1615,c546271cc13774a5,TSM,Biofrost,14
1616,c5707e2ad82817d2,FW,SwordArt,11
1617,c576a4deba12176a,CJ,MadLife,15
1618,c586dd60ec2268a8,MSE,Kaiwing,6
1619,c586dd60ec2268a8,XG,SuKi,14
1620,c5b8c03b72826c7d,ITZ,Jockster,12
1621,c5b8c03b72826c7d,ITZ,micaO,5
1622,c627f4419d5687ef,ANC,SnowFlower,6
1623,c627f4419d5687ef,LZ,IgNar,15
1624,c651ca0565a470d0,AFs,Sangyoon,6
1625,c67ba34b55affc75,SSB,Secret,6
1626,c6b5c01233cdf54c,SPY,Mikyx,9
1627,c6baf4616cb79dff,APX,Apollo,13
1628,c6fa7c6fb5272b2c,PNG,Loop,7
1629,c70ed502e1bc6728,AHQ,Albis,9
1630,c75f60409d2c0298,kt,Arrow,11
1631,c75f60409d2c0298,kt,Fixer,11
1632,c7650df15af445a0,JAG,Chei,10
1633,c7650df15af445a0,NJE,Pure,5
1634,c7a95fa8fad3db7f,LZ,Pure,4
1635,c7dd29a2c0a1ea48,GET,GorillA,10
1636,c7e9490ed9dd7c6a,M17,Dreamer,13
1637,c7e9490ed9dd7c6a,XG,SuKi,12
1638,c80e363a476f3d65,SKT,Wolf,9
1639,c84147f29cb762cc,LZ,IgNar,7
1640,c85c4893ae61c2d9,TL,Piglet,3
1641,c85c4893ae61c2d9,TL,Xpecial,9
1642,c88a798462dba8e0,VFK,Verfix,5
1643,c88a798462dba8e0,VFK,esA,6
1644,c8a10b30f8cad747,SSG,CoreJJ,9
1645,c8acd365218bae3f,kt,Mata,18
1646,c8d506683be743a4,UOL,Hylissang,14
1647,c90339268eba60c3,bbq,Totoro,22
1648,c9338e76e8b6cf4a,MVP,Max,4
1649,c95018a364caeb9a,SK,nRated,9
1650,c95730778287edf3,SSG,CoreJJ,13
1651,c96a1f517a28a16d,GET,GorillA,12
1652,c970fe797f7c7fbc,CLG,aphromoo,10
1653,c970fe797f7c7fbc,TDK,Smoothie,5
1654,c9b0b10cf7f427e9,SSW,imp,7
1655,c9b50ca32c7ff397,TSM,Biofrost,14
1656,c9b50ca32c7ff397,TSM,WildTurtle,10
1657,c9fb0decc109bf86,LGD,Pyl,9
1658,c9fba5a1d680a603,CLG,Stixxay,10
1659,ca08d521c6d58a71,AHQ,GreenTea,10
1660,ca36a6ee5896ca5d,FW,SwordArT,19
1661,ca3e9df573e33104,g3x,Alocs,14
1662,ca6da3c023b391ea,ahq,GreenTea,15
1663,ca9126366742e942,TSM,Biofrost,9
1664,caabaf6c3f2213e5,MSE,Kaiwing,14
1665,cab0143385f8a70f,FNC,Jesiz,8
1666,cabc1287c5c14e54,TPA,Jay,14
1667,cac4e4554d6355be,AS,Weiiii,15
1668,cadc355b3ee8548f,C9,Bunny FuFuu,13
1669,cafb0dfcceaedc11,FNC,Rekkles,6
1670,cafb0dfcceaedc11,OG,Mithy,4
1671,cb139007043869a7,DIG,Xpecial,13
1672,cb139007043869a7,NV,Hakuho,7
1673,cb42ba7e531e7499,ROC,Raise,10
1674,cb5b773cdb3a3901,HKE,Olleh,7
1675,cb5b773cdb3a3901,MSE,Chunx,12
1676,cb5b773cdb3a3901,MSE,CorGi,10
1677,cb60ee89536d88cd,GMB,GoSu Pepper,11
1678,cb71c31fe610fddc,FW,SwordArT,17
1679,cba1d8a2db193a4e,NRG,KiWiKiD,10
1680,cc0ae967e6a88b53,RED,Dioud,11
1681,cc33cfa8106af92e,kt,Fixer,5
1682,cc4ce32a0515055a,EDG,Meiko,15
1683,cc58c30b8a87d843,GIA,Hustlin,3
1684,cc75adde10da3546,CJE,Space,6
1685,cc81207032c09b6c,SSG,Wraith,5
1686,cc82ca243f460dd7,ROX,GorillA,11
1687,cc99275832da93af,ROC,Wadid,13
1688,ccae053377e69bc4,FW,NL,9
1689,cdc713b101fa96ee,GIA,G0DFRED,8
1690,cdc713b101fa96ee,UOL,Hylissang,13
1691,cdc988d70c3c2132,UOL,Hylissang,8
1692,cdeddcb92cc96367,HKE,Olleh,12
1693,cdef03e7d308124a,FNC,YellOwStaR,8
1694,cdef03e7d308124a,UOL,Hylissang,9
1695,ce0cb0ff15f46940,CLG,Aphromoo,13
1696,ce0cb0ff15f46940,CLG,Doublelift,4
1697,ce13d6084d977ea5,JAG,Chei,17
1698,ce61f742ccc87f29,TSM,Biofrost,5
1699,ce71491688291223,NME,otter,6
1700,cea8f36cf872da9e,FW,SwordArt,14
1701,ceab9a557db65ef8,TIP,Adrian,11
1702,ceab9a557db65ef8,TIP,Apollo,5
1703,cec866eb6715427f,MSF,IgNar,11
1704,cede7e6b1db9993f,CJE,MadLife,8
1705,cf0109b1382ebe4c,JAG,SnowFlower,12
1706,cf06882aee8046ae,HKE,Olleh,10
1707,cf1d8b6a5d0ab6d7,NRG,KonKwon,16
1708,cf603a299680d115,SSB,Heart,14
1709,cf70c824337fd877,MSE,Kaiwing,4
1710,cf70c824337fd877,ahq,Albis,13
1711,cf96e9dd17df785a,HKES,Olleh,14
1712,cfa0596b1201f4e4,NJE,Pure,7
1713,cfb9a8b590726a52,kt,Mata,10
1714,cfedda9472a010e3,HKES,GodJJ,18
1715,cfedda9472a010e3,TPA,Jay,17
1716,d01c6e74e9a0614c,MVP,Max,11
1717,d02eb3ebc18e577b,HKE,Olleh,18
1718,d04aa571ac53dec2,UOL,Hylissang,10
1719,d07af1a8b8b6acd8,CW,Unlimited,13
1720,d099a98d195ca33a,SPY,Mikyx,16
1721,d11955a8b78c1093,H2K,Freeze,9
1722,d126831314bb62ef,SSG,Wraith,6
1723,d129d0ce2b775660,H2K,Chei,12
1724,d137dda3a7d4a77a,G2,mithy,6
1725,d17953813c0bfbb0,TSM,Lustboy,10
1726,d1842b4b45bf92df,GAM,Archie,7
1727,d19074e8324d60d1,JAG,Chei,4
1728,d1dc1ada03d223d1,JAG,Chei,6
1729,d1e10f965fab0a72,C9,Hai,21
1730,d1e10f965fab0a72,TSM,Yellowstar,16
1731,d20516a3e8f47202,bbq,Totoro,8
1732,d234214111e9c382,AFs,Sangyoon,5
1733,d25847c504650c01,GIA,Adryh,7
1734,d25847c504650c01,GIA,Rydle,7
1735,d2685ac157e76475,CJE,MadLife,13
1736,d277c9ce39f1fd19,OPK,Professor,8
1737,d2b613b3b3b313ee,ROX,GorillA,8
1738,d2b613b3b3b313ee,SKT,Wolf,13
1739,d2d6c81d8953e169,KBM,Ziriguidun,10
1740,d2dcf45aa31f09a8,M17,Dreamer,12
1741,d2e8a3d25959c3ee,FNC,Steeelback,6
1742,d2e8a3d25959c3ee,FNC,YellOwStaR,16
1743,d2e8a3d25959c3ee,GMB,Edward,9
1744,d31ab3c106c09e25,HKES,Olleh,16
1745,d3af475cd574170c,SSG,Wraith,15
1746,d3bf09f216eb5988,OG,Hybrid,11
1747,d3e14e9d72258154,HKE,Olleh,11
1748,d4005554002839f3,KOO,GorillA,10
1749,d4307d5d69dea1fe,C9,LemonNation,11
1750,d43a22d4af4e4320,M17,Dreamer,13
1751,d43a22d4af4e4320,XG,SuKi,7
1752,d478e4b7aea9afa7,SSG,CoreJJ,8
1753,d47eaa711f5e8a79,SPY,Mikyx,10
1754,d4d1fd94568047ab,CLG,aphromoo,5
1755,d4d5089a5322372e,ahq,Albis,11
1756,d52e367b09e2cd36,ahq,Albis,9
1757,d54542f9187ea0f9,VIT,KaSing,13
1758,d55a4a403211f35e,TIP,Adrian,19
1759,d56c690f01bbf6d9,XG,SuKi,16
1760,d5915af397116496,TSM,Lustboy,9
1761,d5ca94c71896f2c5,EL,sprattel,8
1762,d5e8cbf9316f754b,G2,Hybrid,15
1763,d5e95dfc24579d47,FNC,YellOwStaR,8
1764,d5f5b0017884d649,SPY,Mikyx,8
1765,d62e989b68338ae6,GIA,Hustlin,10
1766,d63ab0ca891aaf07,P1,Stunt,16
1767,d6b7075d747edd23,M17,Dee,11
1768,d6b7075d747edd23,M17,Dreamer,9
1769,d6c19c7e2ea3822c,MYM,Nisbeth,5
1770,d6de09d68f034a01,C9,Hai,14
1771,d6de09d68f034a01,C9,Sneaky,9
1772,d6de09d68f034a01,NRG,KonKwon,10
1773,d704b52a6e569236,IMT,Olleh,4
1774,d7054e1754fda878,G2,mithy,12
1775,d7903e4096d2e815,JT,Jay,7
1776,d794af02795cde7c,ROX,GorillA,10
1777,d7c3665fa6da1fe3,KOO,GorillA,8
1778,d83b716cd7d11869,CJE,MadLife,9
1779,d842efb765cad05b,ROX,GorillA,6
1780,d8697a24c0aef0f2,JAG,Sweet,15
1781,d87e692408d2e3e5,JAG,SnowFlower,10
1782,d87e692408d2e3e5,KDM,GuGer,14
1783,d8a700001ac2df07,SSG,Stitch,4
1784,d8c87d375167f16a,SKT,Wolf,10
1785,d8c87d375167f16a,kt,Fixer,3
1786,d973b4bfdd4f8f3b,FOX,Big,6
1787,d999bef5a1043081,APX,Xpecial,13
1788,d9a58ca8c7b2b234,ROC,Wadid,6
1789,d9edcdf108771b20,HKE,Olleh,11
1790,da11fab881ad63b4,SKT,Wolf,6
1791,da4eadff99499122,GIA,Hustlin,15
1792,da57c45a8373b21b,H2K,Chei,14
1793,da57c45a8373b21b,VIT,Steeelback,9
1794,da598591672fec8b,TDK,Smoothie,16
1795,daa747b092b67d12,SKT,Wolf,13
1796,dab287768f9c9a8f,CLG,Stixxay,7
1797,dab589cee3e60b76,JAG,Chei,11
1798,daf739ce5a704cce,WS,Chunx,10
1799,db0a448ca0b09cfc,LZ,GorillA,10
1800,db0ebc80394598b2,C9,Smoothie,8
1801,db3bc01f0eb4c35f,SKT,Wolf,9
1802,db75940e274305b2,G2,mithy,7
1803,dba1e4e135e23473,EDG,Meiko,19
1804,dbcc47b5f2d160ed,SKT,Wolf,15
1805,dbf9f8f16e7f1090,SKT,Wolf,14
1806,dc11f38d6243e85e,CLG,aphromoo,15
1807,dc234228fddc8c4a,JT,BeBe,7
1808,dc5e0eca8d350436,HKE,Olleh,22
1809,dc600b5300c5d85a,REM,Cabuloso,6
1810,dc722201a9bdd57c,GIA,Hustlin,13
1811,dc8242ffc7308cbc,FOX,Gate,5
1812,dcf34273c9cb6afb,SHR,Zero,7
1813,dd111fa6f03ffbf2,CJE,MadLife,15
1814,dd111fa6f03ffbf2,CJE,Space,12
1815,dd253b200964a300,ROX,GorillA,15
1816,dd33ffcf9e219e90,P1,Adrian,6
1817,dd7144ce9d7a272a,GAM,Slay,10
1818,dd8e86b35b1b295f,EDG,NaMei,11
1819,dd8e86b35b1b295f,SHR,Zero,15
1820,ddb2812561a03a43,TSM,WildTurtle,4
1821,ddd101eaa5ed95dd,KOO,GorillA,12
1822,ddd101eaa5ed95dd,KOO,PraY,8
1823,ddd101eaa5ed95dd,kt,Piccaboo,4
1824,de2ab6ffce6f1ae7,AFs,Sangyoon,6
1825,de44373da281270f,JT,BeBe,7
1826,de44373da281270f,JT,Jay,11
1827,de53522f399082fb,kt,Piccaboo,12
1828,de5d8bd942ef3464,ahq,AN,13
1829,de760acf01ab8415,MSE,Chunx,11
1830,de8a115122a31ad8,ALL,Nyph,6
1831,de9772358b74ebeb,TL,Xpecial,12
1832,ded0b72947b56b70,CLG,aphromoo,12
1833,def08fa29e0beaac,HKE,Olleh,11
1834,defe6f74845eaed6,IMT,Cody Sun,7
1835,defe6f74845eaed6,IMT,Olleh,7
1836,df0fb2ba5ee9d4c6,DIG,KiWiKiD,17
1837,df2865c8d1e74247,RNG,Mata,5
1838,df319925e60c8ad6,ROC,Vander,12
1839,df3d219f473b1c4a,IMT,Adrian,10
1840,df8344b71d881b0c,JAG,SnowFlower,4
1841,dfe24021d9975ba2,C9,LemonNation,17
1842,e00388a9cfa61406,MVP,Max,8
1843,e0a8e8d17822a27e,NV,Hakuho,10
1844,e0b6836b8a288160,VFK,Baiano,8
1845,e12cd6c824c39922,FOX,Big,14
1846,e12ff1e3f644f7eb,GIA,S0NSTAR,6
1847,e147296c928da5b4,CLG,aphromoo,6
1848,e1589c25acb7a1f3,T8,Dodo8,20
1849,e16620c2576464f0,TIP,Adrian,9
1850,e1b7438b06a4c3af,JAG,SnowFlower,13
1851,e1b7438b06a4c3af,MVP,MaHa,9
1852,e1b7438b06a4c3af,MVP,Max,13
1853,e1f5fd11d47a0009,ANX,Likkrit,7
1854,e1f5fd11d47a0009,CLG,aphromoo,7
1855,e1f9480de3deb220,AFs,TusiN,6
1856,e23692066a037892,H2K,Chei,7
1857,e2ab90492cd0bcd4,MSE,CorGi,4
1858,e2ab90492cd0bcd4,MSE,Kaiwing,12
1859,e2b3b1d5185716e2,LZ,Pure,10
1860,e2e96608cd47c7ae,TIP,Adrian,13
1861,e2e96608cd47c7ae,TIP,Apollo,9
1862,e31cde15b3c35be3,AFs,Kramer,4
1863,e321fb82b7ff8f10,CLG,aphromoo,8
1864,e35cf6832aca94a1,SKT,Wolf,15
1865,e38358072092561e,JT,BeBe,7
1866,e38992c2ca4d9a8a,EDG,Deft,8
1867,e38992c2ca4d9a8a,EDG,Meiko,14
1868,e3a3618fa241a691,SSG,Wraith,14
1869,e3cd5dc9daa53e9b,DoR,ThreshMelon,5
1870,e3cd5dc9daa53e9b,ahq,GreenTea,14
1871,e3d35ca7fb9bfce2,ROX,GorillA,13
1872,e3d7a99b68c80060,JAG,Chei,10
1873,e3f28a4e5a7174b1,CNB,Wos,11
1874,e3f28a4e5a7174b1,OPK,Professor,17
1875,e42e82082e552e52,FNC,YellOwStaR,13
1876,e437470aaffd649e,ahq,Albis,9
1877,e4c85245916d91b9,HKE,Olleh,12
1878,e4e86629b666613c,AFs,TusiN,5
1879,e4e86629b666613c,MVP,Max,9
1880,e524b7889a91f8ad,H2K,kaSing,17
1881,e555eb5eeef5edae,FOX,Gate,9
1882,e555eb5eeef5edae,FOX,Keith,5
1883,e555eb5eeef5edae,NV,Hakuho,7
1884,e5a089b1818d40b0,CLG,Stixxay,9
1885,e5a089b1818d40b0,CLG,aphromoo,17
1886,e5af5592e36bdb01,SKT,Wolf,3
1887,e5ba06b311e1856a,C9,LemonNation,7
1888,e5dec09040c7d048,RED,Eryon,11
1889,e60dbb704b5d42b9,EL,Krepo,7
1890,e60dbb704b5d42b9,UOL,Hylissang,15
1891,e62b4a0ca995e9bf,H2K,kaSing,12
1892,e62b4a0ca995e9bf,OG,Mithy,6
1893,e6fa9894e40bbe80,KBM,Ziriguidun,10
1894,e71445e83b659626,HKE,Veki,10
1895,e716cfe83c6df096,KOO,GorillA,18
1896,e72ce78237d8c1af,FW,SwordArT,14
1897,e7375a697b13c3bf,VIT,AoD,7
1898,e747f8201b72dbde,NV,LOD,6
1899,e747f8201b72dbde,TL,Matt,8
1900,e75914f4505df939,G2,Emperor,10
1901,e75914f4505df939,SPY,Nisbeth,10
1902,e777fd4662616b9b,CJE,MadLife,14
1903,e7881a6f40747f74,LZ,Pure,8
1904,e7a4036614a2fd81,GIA,Adryh,3
1905,e7a4036614a2fd81,SK,nRated,8
1906,e7b7b9a399274223,SSB,Nuclear,5
1907,e854c52c0732fa3f,TL,Matt,13
1908,e8a9b00ca65c558c,BGG,RedBert VPP,5
1909,e8cdc75bbd7de4f8,C9,Hai,8
1910,e8cdc75bbd7de4f8,IMT,Adrian,10
1911,e922e5f71bda6fef,C9,LemonNation,7
1912,e922e5f71bda6fef,IG,Kitties,15
1913,e9397f79675a520a,HKE,Olleh,10
1914,e943ea2ba2763e58,ahq,AN,6
1915,e94567b03b708106,FNC,YellOwStaR,8
1916,e94567b03b708106,H2K,Vander,12
1917,e946010e7b705015,NJE,Pure,10
1918,e95eac049cde9705,ROC,Woolite,6
1919,e9e658c120b2a766,SKT,Wolf,7
1920,e9f4f66cbb72bf04,ROC,Raise,9
1921,ea2728ef2e395332,AHQ,GreenTea,5
1922,ea2728ef2e395332,SSW,Mata,24
1923,ea45fe0456337f18,ROX,Key,6
1924,ea45fe0456337f18,ROX,Sangyoon,5
1925,ea45fe0456337f18,SSG,Stitch,11
1926,ea8e5267687f46af,ROC,Vander,7
1927,eaa1584a379e179c,SSB,Nuclear,5
1928,eab634857ae83824,OPK,BocaJunior,4
1929,eac991dfc9306892,DIG,Xpecial,15
1930,eacc5b3714c1ba7e,ROC,Raise,13
1931,eacc5b3714c1ba7e,VIT,KaSing,14
1932,ead7f4e96dbf9aa7,ROC,Vander,8
1933,ead867c2a16dad73,MVP,Max,9
1934,eb10dfd89a84e887,FNC,Jesiz,5
1935,eb79747e9c1c232e,LGD,Pyl,5
1936,eba285235e3902aa,SKT,Wolf,8
1937,ebaaefb084a326e0,OPK,Professor,10
1938,ebdaabb44aec5cd8,ahq,GreenTea,9
1939,ebed18f9922ced3a,TSM,Biofrost,18
1940,ec573890fcbf9782,JAG,Pilot,10
1941,ec6844ddbbc39592,kt,Mata,13
1942,ec7dffb3e766d0c3,P1,Gate,11
1943,ec896f78435cd96c,EMF,GuGer,3
1944,ecb0ae4d5c980c6d,APX,Xpecial,20
1945,ecb3ad0d8f7ca9ad,FW,SwordArT,13
1946,ecbdfff5e654f456,TL,Matt,8
1947,ecee1c458addeef9,ROC,Vander,11
1948,ed2237c1fa11dc22,CLG,aphromoo,9
1949,ed3143b19bde6215,RED,Eryon,11
1950,ed44957c5085b487,DIG,KiWiKiD,7
1951,ed8c56a1f4ff8bfa,FB,SkuLL,5
1952,ed9e5729b886c915,JAG,Cpt Jack,6
1953,edf975a57f6c69c7,OG,Mithy,12
1954,edf975a57f6c69c7,SK,nRated,10
1955,edf994d12cca7c21,RNG,Mata,11
1956,edfe64a5c860a8e8,SSW,Mata,13
1957,ee827e8b8f4c5400,C9,Smoothie,14
1958,ee88706a1f2fd51e,EDG,Meiko,21
1959,ef22182321d55cf4,JAG,SnowFlower,9
1960,ef40a808db5a979c,DIG,KiWiKiD,14
1961,ef79737a86ff3e42,TSM,Biofrost,12
1962,ef8fe666fcaed5e3,SKT,Wolf,10
1963,efa1a484bc44d2c7,TL,Matt,12
1964,efb8b2077fa5ee15,OG,Mithy,8
1965,f01b0fe9a870e235,kt,Piccaboo,8
1966,f03c8ac2897345bf,TIP,Adrian,4
1967,f08693a2a645ec0b,XG,SuKi,10
1968,f0883696278fd895,VFK,Verfix,8
1969,f08f7fb9bf6fa5d5,FW,SwordArt,8
1970,f0c5ef8a17f2e40f,ANC,SnowFlower,12
1971,f0e25c5a3d7a2dc4,TSM,Biofrost,4
1972,f0f2f5728b2643d9,H2K,Chei,12
1973,f111bce1a11a3b67,ahq,Albis,11
1974,f1c130363aefaeab,TL,Xpecial,14
1975,f2055a2aab2e9282,KOO,GorillA,11
1976,f21fe9a3d7a6802b,bbq,Totoro,9
1977,f228eef7d941930e,GIA,G0DFRED,5
1978,f228eef7d941930e,H2K,Vander,10
1979,f23b44bd031c20bf,G2,Zven,4
1980,f23ff88287133b62,MVP,Max,8
1981,f2889fe019793cd0,HKE,Raison,10
1982,f2afa79094d2dbe8,M17,Dreamer,6
1983,f2afa79094d2dbe8,XG,SuKi,5
1984,f2d4f2ae122c5fe0,FW,SwordArT,9
1985,f2d7653c90c44335,FNC,YellOwStaR,14
1986,f32c60c2a5090156,MYM,Noxiak,16
1987,f3693889130515a6,CLG,aphromoo,11
1988,f3ca88d2f540cc96,TPA,Lupin,12
1989,f3ddeb5e90503a45,TSM,Biofrost,12
1990,f3e5de0be10ab461,TPA,Jay,10
1991,f40412b4917719d7,MSE,SkuLL,8
1992,f415fa0835ec34cb,KDM,GuGer,6
1993,f465da624f61adda,ALL,Nyph,6
1994,f465da624f61adda,ALL,Tabzz,5
1995,f465da624f61adda,KBM,dans,12
1996,f485ca80cf34808f,TL,Piglet,4
1997,f485ca80cf34808f,TL,Xpecial,11
1998,f4b9db0a84e597b4,CJE,MadLife,24
1999,f4b9db0a84e597b4,CJE,Space,14
2000,f4b9db0a84e597b4,NJF,Ohq,12
2001,f4c19f66ba47ffb7,UOL,Hylissang,11
2002,f4c7a07ef00703ab,GET,GorillA,10
2003,f4ef83d6cc8a95c5,ROX,Key,6
2004,f50381543909aae6,SKT,Wolf,13
2005,f51d237361ebf853,TDK,Smoothie,12
2006,f52cadec859b7d13,TDK,Smoothie,7
2007,f54ece1662f95d50,C9,Smoothie,13
2008,f550d245b7a9d24b,yoeFW,SwordArT,16
2009,f5717ba57565bbfa,SKT,Wolf,12
2010,f5c26225961cd887,HKE,Olleh,8
2011,f5c98a3fd24aca48,FNC,Jesiz,7
2012,f5ce9823eded54bf,ahq,Albis,20
2013,f5eb7c5f03eefec0,H2K,Hjarnan,8
2014,f5f627666797d937,MVP,MaHa,8
2015,f5f627666797d937,MVP,Max,12
2016,f5fba7077eacc895,JAG,Chei,9
2017,f5fba7077eacc895,KOO,GorillA,6
2018,f609b5ef7c4a50cf,NWS,GorillA,9
2019,f64575c2b892654a,TSM,Lustboy,7
2020,f689809705533e0f,SKT,Wolf,8
2021,f6cf71fddafc7820,FW,SwordArT,8
2022,f6f494e340e75e51,GIA,Rydle,11
2023,f7059f7939cf2287,TL,Matt,12
2024,f724e39d283f175d,ahq,Albis,15
2025,f72e69317496deb8,TL,Matt,15
2026,f74dd931ebb7bc1d,XG,SuKi,9
2027,f79bb75ea3eb3dc7,TIP,Gate,6
2028,f7c0ebd0bfd08951,SSW,Mata,13
2029,f7d3d6ed52703032,SSW,Mata,22
2030,f7d3d6ed52703032,TSM,Lustboy,8
2031,f8290636c1a9b27e,HKE,GodJJ,8
2032,f8290636c1a9b27e,HKE,Olleh,12
2033,f8290636c1a9b27e,ahq,Albis,16
2034,f82e58055a1b0db6,ahq,AN,9
2035,f88ce18faadb71c4,M17,Dreamer,9
2036,f89c115300356a76,ahq,Albis,10
2037,f902255148b06516,HKE,Olleh,5
2038,f902255148b06516,TPA,Jay,18
2039,f94b74807fb6d2cd,KOO,GorillA,10
2040,f969409ea5f2fbc9,ROX,GorillA,12
2041,f9f58a552c3509e6,LZ,IgNar,13
2042,fa084a31c63dbfb9,CW,Je suis Kaas,8
2043,fa084a31c63dbfb9,GIA,G0DFRED,7
2044,fa08e736689ab7ee,CJ,MadLife,7
2045,fa1bd9a8905ede31,C9,Smoothie,14
2046,fa6c13796076d529,NRG,KonKwon,7
2047,fa8011d7e2ef4b37,ROC,Vander,9
2048,fae911f0e38fa8ac,TPA,Jay,10
2049,fb03b76757bc2f57,P1,Stunt,16
2050,fb04c86f77aff213,FNC,Jesiz,8
2051,fb3c6a23d0381eb5,FNC,YellOwStaR,9
2052,fb86694c62254bd5,CJE,MadLife,10
2053,fbad0fd4e657d536,IMT,Olleh,7
2054,fc7b2a066bad7db9,SK,nRated,9
2055,fc8626c541d70a12,CJE,MadLife,5
2056,fc8626c541d70a12,SKT,Wolf,12
2057,fc969033c284ba1b,OMG,Cloud,15
2058,fd2fca48055e4ea9,SKT,Wolf,9
2059,fd4fc2e0d2d2281d,TPA,Jay,17
2060,fd57d3ad70b5bf6f,P1,Gate,10
2061,fd8fc20be34b5c44,TIP,Adrian,14
2062,fdbd178ffa73d508,ROX,Key,4
2063,fdd15e6b9127b86a,NV,Hakuho,9
2064,fdeb1723487548af,NWS,GorillA,12
2065,fe2b008e8d47a452,G2,Hybrid,6
2066,fe364bd2720c21af,SKT,Wolf,7
2067,fe5036b02cdae521,SSB,Heart,8
2068,fe87b15044a2abc3,EMF,GuGer,4
2069,fe8c57bc8fab383e,EDG,Meiko,16
2070,feb2ba39a2653700,ahq,Albis,17
2071,fefc7dd282d9e0fa,NME,otter,11
2072,fefc7dd282d9e0fa,TDK,Smoothie,9
2073,ff0fdf86f60bcf5d,T8,Dodo8,10
2074,ff2405178c19fe69,MVP,MaHa,8
2075,ff2405178c19fe69,MVP,Max,13
2076,ff31a2454d86a083,SPY,Mikyx,6
2077,ff41aed69d32573b,TIP,Adrian,12
2078,ff43fef54380dc46,SKT,Wolf,8
2079,ff607dafec43329a,P1,Adrian,11
2080,ff68c33a1d4df1c4,FOX,Gate,10
2081,ff68c33a1d4df1c4,FOX,Keith,9
2082,ffbc11a9413f765d,OG,xPeke,5
2083,ffbc11a9413f765d,VIT,Steeelback,6
2084,ffcd541a539da813,HKE,Olleh,15
2085,ffcd541a539da813,HKE,Raison,12
2086,ffda22cef36f7b4d,JAG,Chei,6
2087,ffee707e7f60869a,FW,SwordArT,16
2088,ffeff6e4c32e9fd0,JAG,Chei,11
2089,ffeff6e4c32e9fd0,JAG,Pilot,9
2090,ffeff6e4c32e9fd0,SKT,Wolf,13
2091,fff9913c8be5e3fd,kt,Mata,5
